<?xml version="1.0"?>
<rss xmlns:dc="http://purl.org/dc/elements/1.1/" version="2.0">
<channel>
  <item>
    <trainno>763</trainno>
    <name>Chitra Express</name>
    <offday>Monday</offday>
    <from>Tangail</from>
    <departure>4:06pm</departure>
    <to>Dhaka</to>
    <arrival>6:30pm</arrival>
  </item>
 
  <item>
    <trainno>764</trainno>
    <name>Chitra Express</name>
    <offday>Monday</offday>
    <from>Tangail</from>
    <departure>9:10pm</departure>
    <to>Khulna</to>
    <arrival>5:10am</arrival>
  </item>
  
  <item>
    <trainno>705</trainno>
    <name>Ekota Exp</name>
    <offday>Tuesday</offday>
    <from>Tangail</from>
    <departure>11:57pm</departure>
    <to>Dinajpur</to>
    <arrival>7:20pm</arrival>
  </item>
  
  <item>
    <trainno>706</trainno>
    <name>Ekota Exp</name>
    <offday>Monday</offday>
    <from>Tangail</from>
    <departure>5:01am</departure>
    <to>Dhaka</to>
    <arrival>7:40am</arrival>
  </item>
  
  <item>
    <trainno>725</trainno>
    <name>Sundarban Exp</name>
    <offday>Friday</offday>
    <from>Tangail</from>
    <departure>3:27am</departure>
    <to>Dhaka</to>
    <arrival>5:35am</arrival>
  </item>
  
  <item>
    <trainno>726</trainno>
    <name>Sundarban Exp</name>
    <offday>Saturday</offday>
    <from>Tangail</from>
    <departure>8:38am</departure>
    <to>Khulna</to>
    <arrival>4:30pm</arrival>
  </item>
  
  <item>
    <trainno>751</trainno>
    <name>Lalmoni Exp</name>
    <offday>Friday</offday>
    <from>Tangail</from>
    <departure>12:20am</departure>
    <to>Lalmanirhat</to>
    <arrival>8:20am</arrival>
  </item>
 
  <item>
    <trainno>752</trainno>
    <name>Lalmoni Exp</name>
    <offday>Friday</offday>
    <from>Tangail</from>
    <departure>6:53pm</departure>
    <to>Dhaka</to>
    <arrival>9:05pm</arrival>
  </item>
  
  <item>
    <trainno>753</trainno>
    <name>Silkcity Express</name>
    <offday>Sunday</offday>
    <from>Tangail</from>
    <departure>5:09pm</departure>
    <to>Rajshahi</to>
    <arrival>8:50pm</arrival>
  </item>
 
  <item>
    <trainno>754</trainno>
    <name>Silkcity Express</name>
    <offday>Sunday</offday>
    <from>Tangail</from>
    <departure>11:13am</departure>
    <to>Dhaka</to>
    <arrival>1:30pm</arrival>
  </item>
  
  <item>
    <trainno>757</trainno>
    <name>Drutajan Express</name>
    <offday>Wednesday</offday>
    <from>Tangail</from>
    <departure>9:50pm</departure>
    <to>Dinajpur</to>
    <arrival>5:10am</arrival>
  </item>
  
  <item>
    <trainno>758</trainno>
    <name>Drutajan Express</name>
    <offday>Wednesday</offday>
    <from>Tangail</from>
    <departure>3:23pm</departure>
    <to>Dhaka</to>
    <arrival>5:55pm</arrival>
  </item>
 
  <item>
    <trainno>759</trainno>
    <name>Padma Express</name>
    <offday>Tuesday</offday>
    <from>Tangail</from>
    <departure>12:55am</departure>
    <to>Rajshahi</to>
    <arrival>4:45am</arrival>
  </item>
 
  <item>
    <trainno>760</trainno>
    <name>Padma Express</name>
    <offday>Tuesday</offday>
    <from>Tangail</from>
    <departure>7:33pm</departure>
    <to>Dhaka cantt</to>
    <arrival>9:50pm</arrival>
  </item>
 
  <item>
    <trainno>765</trainno>
    <name>Nil Sagar Express</name>
    <offday>Monday</offday>
    <from>Tangail</from>
    <departure>10:19am</departure>
    <to>Niphamary</to>
    <arrival>5:30pm</arrival>
  </item>
  
  <item>
    <trainno>766</trainno>
    <name>Nil Sagar Express</name>
    <offday>Sunday</offday>
    <from>Tangail</from>
    <departure>5:47am</departure>
    <to>Dhaka Cantt</to>
    <arrival>7:45am</arrival>
  </item>
 
  <item>
    <trainno>769</trainno>
    <name>Dhomkato Express</name>
    <offday>Tuesday</offday>
    <from>Tangail</from>
    <departure>8:00am</departure>
    <to>Rajshahi</to>
    <arrival>12:05pm</arrival>
  </item>
  
  <item>
    <trainno>770</trainno>
    <name>Dhomkato Express</name>
    <offday>Monday</offday>
    <from>Tangail</from>
    <departure></departure>
    <to>Dhaka</to>
    <arrival>4:50am</arrival>
  </item>
 
  <item>
    <trainno>5</trainno>
    <name>Rajshahi Express</name>
    <offday>No</offday>
    <from>Tangail</from>
    <departure>3:22pm</departure>
    <to>ChapaiNawabgonj</to>
    <arrival>1:00am</arrival>
  </item>
 

</channel>
</rss>