<?xml version="1.0"?>
<rss xmlns:dc="http://purl.org/dc/elements/1.1/" version="2.0">
<channel>
 <item> <trainno>721</trainno>  <name>Mahanagar Provati</name> <offday>Sunday</offday> <from>Narsingdi</from> <departure>12:40pm</departure> <to>Dhaka</to> <arrival>2:05pm</arrival> </item>

<item> <trainno>722</trainno>  <name>Mahanagar Godhuli</name> <offday>Sunday</offday> <from>Narsingdi</from> <departure>4:42pm</departure> <to>Chittagong</to> <arrival>10:10pm</arrival> </item>

<item> <trainno>737</trainno>  <name>Egarosindhur Provati</name> <offday>Wednesday</offday> <from>Narsingdi</from> <departure>9:28am</departure> <to>Kishorganj</to> <arrival>11:55am</arrival> </item>

<item> <trainno>738</trainno>  <name>Egarosindhur Provati</name> <offday>No</offday> <from>Narsingdi</from> <departure>9:28am</departure> <to>Dhaka</to> <arrival>11:00am</arrival> </item>

<item> <trainno>749</trainno>  <name>Egarosindhur Godhuli</name> <offday>No</offday> <from>Narsingdi</from> <departure>8:03pm</departure> <to>Kishorganj</to> <arrival>10:50pm</arrival> </item>

<item> <trainno>750</trainno>  <name>Egarosindhur Godhuli</name> <offday>Wednesday</offday> <from>Narsingdi</from> <departure>3:18pm</departure> <to>Dhaka</to> <arrival>5:00pm</arrival> </item>

<item> <trainno>68</trainno>  <name>Chattala Express</name> <offday>Tuesday</offday> <from>Narsingdi</from> <departure>12:40pm</departure> <to>Chittagong</to> <arrival>6:30pm</arrival> </item>

<item> <trainno>40</trainno>  <name>Isha Khan Express</name> <offday>no</offday> <from>Narsingdi</from> <departure>3:53pm</departure> <to>Dhaka</to> <arrival>7:50pm</arrival> </item>

<item> <trainno>10</trainno>  <name>Surma Mail</name> <offday>no</offday> <from>Narsingdi</from> <departure>6:56am</departure> <to>Dhaka</to> <arrival>10:15am</arrival> </item>

<item> <trainno>1</trainno>  <name>Dhaka Mail</name> <offday>No</offday> <from>Narsingdi</from> <departure>5:13am</departure> <to>Dhaka</to> <arrival>7:10am</arrival> </item>

<item> <trainno>2</trainno>  <name>Chittagong Mail</name> <offday>No</offday> <from>Narsingdi</from> <departure>12:11am</departure> <to>Chittagong</to> <arrival>7:15am</arrival> </item>

<item> <trainno>3</trainno>  <name>Karnafuli Express</name> <offday>No</offday> <from>Narsingdi</from> <departure>8:08pm</departure> <to>Dhaka</to> <arrival>11:00pm</arrival> </item>

<item> <trainno>4</trainno>  <name>Karnafuli Express</name> <offday>No</offday> <from>Narsingdi</from> <departure>10:35am</departure> <to>Chittagong</to> <arrival>8:25pm</arrival> </item>

<item> <trainno>9</trainno>  <name>Surma Express</name> <offday>No</offday> <from>Narsingdi</from> <departure>12:56am</departure> <to>Sylhet</to> <arrival>12:00pm</arrival> </item>

<item> <trainno></trainno>  <name>Dhaka Express</name> <offday>No</offday> <from>Narsingdi</from> <departure>3:45am</departure> <to>Dhaka</to> <arrival>5:55am</arrival> </item>
<item> <trainno>12</trainno>  <name>Noakhali Express</name> <offday>No</offday> <from>Narsingdi</from> <departure>10:02pm</departure> <to>Noakhali</to> <arrival>4:40am</arrival> </item>

<item> <trainno>33</trainno>  <name>Titas Commuter</name> <offday>No</offday> <from>Narsingdi</from> <departure>6:41am</departure> <to>Dhaka</to> <arrival>8:30am</arrival> </item>

<item> <trainno>34</trainno>  <name>Titas Commuter</name> <offday>Friday</offday> <from>Narsingdi</from> <departure>11:52am</departure> <to>Brahmman Baria</to> <arrival>1:20pm</arrival> </item>

<item> <trainno>39</trainno>  <name>Isha Khan Express</name> <offday>No</offday> <from>Narsingdi</from> <departure>2:28pm</departure> <to>Bhairob Bazar</to> <arrival>4:45pm</arrival> </item>

<item> <trainno>11</trainno>  <name>Dhaka Express</name> <offday>no</offday> <from>Narsingdi</from> <departure>3:05am</departure> <to>Dhaka</to> <arrival>5:55am</arrival> </item>

<item> <trainno>35</trainno>  <name>Titas Commuter</name> <offday>Friday</offday> <from>Narsingdi</from> <departure>3:03pm</departure> <to>Dhaka</to> <arrival>4:35pm</arrival> </item>
















</channel>
</rss>