<?xml version="1.0"?>
<rss xmlns:dc="http://purl.org/dc/elements/1.1/" version="2.0">
<channel>
  <item>
    <trainno>709</trainno>
    <name>Parabat Express</name>
    <offday>Tuesday</offday>
    <from>Srimangal</from>
    <departure>11:20am</departure>
    <to>Sylhet</to>
    <arrival>1:20pm</arrival>
  </item>
 
  <item>
    <trainno>710</trainno>
    <name>Parabat Express</name>
    <offday>Tuesday</offday>
    <from>Srimangal</from>
    <departure>5:03pm</departure>
    <to>Dhaka</to>
    <arrival>9:50pm</arrival>
  </item>
  
  <item>
    <trainno>717</trainno>
    <name>Jayantika Express</name>
    <offday>No</offday>
    <from>Srimangal</from>
    <departure>5:02pm</departure>
    <to>Sylhet</to>
    <arrival>7:15pm</arrival>
  </item>
  
  <item>
    <trainno>718</trainno>
    <name>Jayantika Express</name>
    <offday>Thursday</offday>
    <from>Srimangal</from>
    <departure>10:26am</departure>
    <to>Dhaka</to>
    <arrival>3:40pm</arrival>
  </item>
 
  <item>
    <trainno>719</trainno>
    <name>Paharika Express</name>
    <offday>Monday</offday>
    <from>Srimangal</from>
    <departure>02:40pm</departure>
    <to>Sylhet</to>
    <arrival>5:00pm</arrival>
  </item>
  
  <item>
    <trainno>720</trainno>
    <name>Paharika Express</name>
    <offday>Saturday</offday>
    <from>Srimangal</from>
    <departure>12:35pm</departure>
    <to>Chittagong</to>
    <arrival>07:35pm</arrival>
  </item>
  
  <item>
    <trainno>723</trainno>
    <name>Udayan Express</name>
    <offday>Saturday</offday>
    <from>Srimangal</from>
    <departure>3:35am</departure>
    <to>Sylhet</to>
    <arrival>6:00am</arrival>
  </item>
  
  <item>
    <trainno>724</trainno>
    <name>Udayan Express</name>
    <offday>Sunday</offday>
    <from>Srimangal</from>
    <departure>11:24pm</departure>
    <to>Chittagong</to>
    <arrival>6:10am</arrival>
  </item>
  
  <item>
    <trainno>739</trainno>
    <name>Upaban Express</name>
    <offday>Wednesday</offday>
    <from>Srimangal</from>
    <departure>2:50am</departure>
    <to>Sylhet</to>
    <arrival>5:10am</arrival>
  </item>
  
  <item>
    <trainno>740</trainno>
    <name>Upaban Express</name>
    <offday>No</offday>
    <from>Srimangal</from>
    <departure>12:12am</departure>
    <to>Dhaka</to>
    <arrival>5:15am</arrival>
  </item>
 
  <item>
    <trainno>9</trainno>
    <name>Surma Mail</name>
    <offday>No</offday>
    <from>Srimangal</from>
    <departure>7:05am</departure>
    <to>Sylhet</to>
    <arrival>12:00pm</arrival>
  </item>
  
  <item>
    <trainno>13</trainno>
    <name>Jalalabad Express</name>
    <offday>No</offday>
    <from>Srimangal</from>
    <departure>6:25am</departure>
    <to>Sylhet</to>
    <arrival>11:10am</arrival>
  </item>
  
  <item>
    <trainno>14</trainno>
    <name>Jalalabad Express</name>
    <offday>No</offday>
    <from>Srimangal</from>
    <departure>1:40am</departure>
    <to>Chittagong</to>
    <arrival>1:15pm</arrival>
  </item>
  
  <item>
    <trainno>17</trainno>
    <name>Kushiara Express</name>
    <offday>No</offday>
    <from>Srimangal</from>
    <departure>9:37pm</departure>
    <to>Sylhet</to>
    <arrival>1:00am</arrival>
  </item>
  
  <item>
    <trainno>18</trainno>
    <name>Kushiara Express</name>
    <offday>No</offday>
    <from>Srimangal</from>
    <departure>7:47pm</departure>
    <to>Akhaura</to>
    <arrival>10:50pm</arrival>
  </item>
  
</channel>
</rss>