<?xml version="1.0"?>
<rss xmlns:dc="http://purl.org/dc/elements/1.1/" version="2.0">
<channel>
  <item>
    <trainno>703</trainno>
    <name>Mahanagar Godhuli</name>
    <offday>No</offday>
    <from>Feni</from>
    <departure>4:38:00 PM</departure>
    <to>Dhaka</to>
    <arrival>9:30:00 PM</arrival>
  </item>
  
  <item>
    <trainno>704</trainno>
    <name>Mahanagar Provati</name>
    <offday>No</offday>
    <from>Feni</from>
    <departure>1:02:00 PM</departure>
    <to>Chittagong</to>
    <arrival>2:45:00 PM</arrival>
  </item>
  
  <item>
    <trainno>719</trainno>
    <name>Paharika Express</name>
    <offday>Monday</offday>
    <from>Feni</from>
    <departure>9:40:00 AM</departure>
    <to>Sylhet</to>
    <arrival>5:00:00 PM</arrival>
  </item>
  
  <item>
    <trainno>720</trainno>
    <name>Paharika Express</name>
    <offday>Saturday</offday>
    <from>Feni</from>
    <departure>5:39:00 PM</departure>
    <to>Chittagong</to>
    <arrival>7:35:00 PM</arrival>
  </item>
  <item>
    <trainno>721</trainno>
    <name>Mahanagar Provati</name>
    <offday>Sunday</offday>
    <from>Feni</from>
    <departure>9:00:00am</departure>
    <to>Dhaka</to>
    <arrival>2:05:00pm</arrival>
  </item>
  <item>
    <trainno>722</trainno>
    <name>Mahanagar Godhuli</name>
    <offday>Sunday</offday>
    <from>Feni</from>
    <departure> 8:28:00pm</departure>
    <to>Chittagong</to>
    <arrival>10:10:00pm</arrival>
  </item>
  <item>
    <trainno>723</trainno>
    <name>Udayan Express</name>
    <offday>Saturday</offday>
    <from>Feni</from>
    <departure>10:47:00pm</departure>
    <to>Sylhet</to>
    <arrival>6:00:00am</arrival>
  </item>
  <item>
    <trainno>724</trainno>
    <name>Udayan Express</name>
    <offday>Sunday</offday>
    <from>Feni</from>
    <departure>4:11:00am</departure>
    <to>Chittagong</to>
    <arrival>6:10:00am</arrival>
  </item>
  <item>
    <trainno>729</trainno>
    <name>Meghna Express</name>
    <offday>No</offday>
    <from>Feni</from>
    <departure>6:48:00pm</departure>
    <to>Chandpur</to>
    <arrival>10:10:00pm</arrival>
  </item>
  <item>
    <trainno>730</trainno>
    <name>Meghna Express</name>
    <offday>No</offday>
    <from>Feni</from>
    <departure>8:59:00am</departure>
    <to>Chittagong</to>
    <arrival>11:10:00am</arrival>
  </item>
  <item>
    <trainno>741</trainno>
    <name>Turna</name>
    <offday>No</offday>
    <from>Feni</from>
    <departure>12:46:00am</departure>
    <to>Dhaka</to>
    <arrival>6:15:00am</arrival>
  </item>
  <item>
    <trainno>742</trainno>
    <name>Turna</name>
    <offday>No</offday>
    <from>Feni</from>
    <departure>4:32:00am</departure>
    <to>Chittagong</to>
    <arrival>6:40:00am</arrival>
  </item>
  <item>
    <trainno>37</trainno>
    <name>Mymensingh Express</name>
    <offday>no</offday>
    <from>Feni</from>
    <departure>6:03:00pm</departure>
    <to>Banga Bondhu setu (East)</to>
    <arrival>8:10:00am</arrival>
  </item>
  <item>
    <trainno>1</trainno>
    <name>Dhaka Mail</name>
    <offday>No</offday>
    <from>Feni</from>
    <departure>12:25:00am</departure>
    <to>Dhaka</to>
    <arrival>7:10:00am</arrival>
  </item>
  <item>
    <trainno>2</trainno>
    <name>Chittagong Mail</name>
    <offday>No</offday>
    <from>Feni</from>
    <departure>5:00:00am</departure>
    <to>Chittagong</to>
    <arrival>7:15:00am</arrival>
  </item>
  <item>
    <trainno>3</trainno>
    <name>Karnafuli Express</name>
    <offday>No</offday>
    <from>Feni</from>
    <departure>1:02:00am</departure>
    <to>Dhaka</to>
    <arrival>11:00:00pm</arrival>
  </item>
  
  <item>
    <trainno>4</trainno>
    <name>Karnafuli Express</name>
    <offday>No</offday>
    <from>Feni</from>
    <departure>6:05:00pm</departure>
    <to>Chittagong</to>
    <arrival>8:25:00pm</arrival>
  </item>
  
  <item>
    <trainno>38</trainno>
    <name>Mymensing Express</name>
    <offday>No</offday>
    <from>Feni</from>
    <departure>5:08:00pm</departure>
    <to>Chittagong</to>
    <arrival>8:10:00pm</arrival>
  </item>
 
  <item>
    <trainno>13</trainno>
    <name>Jalalabad Express</name>
    <offday>No</offday>
    <from>Feni</from>
    <departure>10:05:00pm</departure>
    <to>Sylhet</to>
    <arrival>11:10:00am</arrival>
  </item>
  
  <item>
    <trainno>14</trainno>
    <name>Jalalabad Express</name>
    <offday>No</offday>
    <from>Feni</from>
    <departure>10:08:00am</departure>
    <to>Chittagong</to>
    <arrival>1:15:00pm</arrival>
  </item>
  
  <item>
    <trainno>29</trainno>
    <name>Sagorika Express</name>
    <offday>No</offday>
    <from>Feni</from>
    <departure>10:56:00am</departure>
    <to>Chandpur</to>
    <arrival>2:25:00pm</arrival>
  </item>
  
  <item>
    <trainno>30</trainno>
    <name>Sagorika Express</name>
    <offday>No</offday>
    <from>Feni</from>
    <departure>6:46:00pm</departure>
    <to>Chittagong</to>
    <arrival>9:10:00pm</arrival>
  </item>
 
  <item>
    <trainno>68</trainno>
    <name>Chattala Express</name>
    <offday>Tuesday</offday>
    <from>Feni</from>
    <departure>4:36:00pm</departure>
    <to>Chittagong</to>
    <arrival>6:30:00pm</arrival>
  </item>
  
  <item>
    <trainno>67</trainno>
    <name>Chattala Express</name>
    <offday>Tuesday</offday>
    <from>Feni</from>
    <departure>11:44:00am</departure>
    <to>Dhaka</to>
    <arrival>4:00:00pm</arrival>
  </item>
 
 



</channel>
</rss>