<?xml version="1.0"?>
<rss xmlns:dc="http://purl.org/dc/elements/1.1/" version="2.0">
<channel>
  <item> <trainno>709</trainno>  <name>Parabat Express</name> <offday>Tuesday</offday> <from>Shaiestaganj</from> <departure>10:38am</departure> <to>Sylhet</to> <arrival>1:20pm</arrival> </item>
  <item> <trainno>710</trainno>  <name>Parabat Express</name> <offday>Tuesday</offday> <from>Shaiestaganj</from> <departure>5:46pm</departure> <to>Dhaka</to> <arrival>9:50pm</arrival> </item>

 <item> <trainno>717</trainno>  <name>Jayantika Express</name> <offday>No</offday> <from>Shaiestaganj</from> <departure>4:03pm</departure> <to>Sylhet</to> <arrival>7:15pm</arrival> </item>

 <item> <trainno>718</trainno>  <name>Jayantika Express</name> <offday>Thursday</offday> <from>Shaiestaganj</from> <departure>11:18am</departure> <to>Dhaka</to> <arrival>3:40pm</arrival> </item>

 <item> <trainno>719</trainno>  <name>Paharika Express</name> <offday>Monday</offday> <from>Shaiestaganj</from> <departure>2:00pm</departure> <to>Sylhet</to> <arrival>5:00pm</arrival> </item>

 <item> <trainno>720</trainno>  <name>Paharika Express</name> <offday>Saturday</offday> <from>Shaiestaganj</from> <departure>1:15pm</departure> <to>Chittagong</to> <arrival>7:35pm</arrival> </item>

 <item> <trainno>723</trainno>  <name>Udayan Express</name> <offday>Saturday</offday> <from>Shaiestaganj</from> <departure>2:50am</departure> <to>Sylhet</to> <arrival>6:00am</arrival> </item>

 <item> <trainno>724</trainno>  <name>Udayan Express</name> <offday>Sunday</offday> <from>Shaiestaganj</from> <departure>12:08am</departure> <to>Chittagong</to> <arrival>6:10am</arrival> </item>

 <item> <trainno>739</trainno>  <name>Upaban Express</name> <offday>Wednesday</offday> <from>Shaiestaganj</from> <departure>1:58am</departure> <to>Sylhet</to> <arrival>5:10am</arrival> </item>

 <item> <trainno>740</trainno>  <name>Upaban< Express/name> <offday>No</offday> <from>Shaiestaganj</from> <departure>12:58am</departure> <to>Dhaka</to> <arrival>5:15am</arrival> </item>

 <item> <trainno>9</trainno>  <name>Surma Mail</name> <offday>No</offday> <from>Shaiestaganj</from> <departure>5:57am</departure> <to>Sylhet</to> <arrival>12:00pm</arrival> </item>                      

 <item> <trainno>13</trainno>  <name>Jalalabad Express</name> <offday>No</offday> <from>Shaiestaganj</from> <departure>5:10am</departure> <to>Sylhet</to> <arrival>11:10am</arrival> </item>

 <item> <trainno>14</trainno>  <name>Jalalabad Express</name> <offday>No</offday> <from>Shaiestaganj</from> <departure>2:52am</departure> <to>Chittagong</to> <arrival>1:15pm</arrival> </item>

 <item> <trainno>17</trainno>  <name>Kushiara Express</name> <offdayNo></offday> <from>Shaiestaganj</from> <departure>8:15am</departure> <to>Sylhet</to> <arrival>1:00pm</arrival> </item>
 <item> <trainno>18</trainno>  <name>kushiara Express</name> <offday>No</offday> <from>Shaiwstaganj</from> <departure>8:48pm</departure> <to>Akhaura</to> <arrival>10:50pm</arrival> </item>




</channel>
</rss>