<?xml version="1.0"?>
<rss xmlns:dc="http://purl.org/dc/elements/1.1/" version="2.0">
<channel>
  <item>
    <trainno>711</trainno>
    <name>Upakul Express</name>
    <offday>Wednesday</offday>
    <from>Noakhali</from>
    <departure>6:30am</departure>
    <to>Dhaka</to>
    <arrival>12:25pm</arrival>
  </item>
 
  <item>
    <trainno>45</trainno>
    <name>Somotut Express</name>
    <offday>no</offday>
    <from>Noakhali</from>
    <departure>8:00am</departure>
    <to>Noakhali</to>
    <arrival>9:50am</arrival>
  </item>
 
  <item>
    <trainno>11</trainno>
    <name>Dhaka Express</name>
    <offday>No</offday>
    <from>Noakhali</from>
    <departure>9:00pm</departure>
    <to>Dhaka</to>
    <arrival>5:55am</arrival>
  </item>
 

</channel>
</rss>