<?xml version="1.0"?>
<rss xmlns:dc="http://purl.org/dc/elements/1.1/" version="2.0">
<channel>

<item> <trainno>773</trainno>  <name>Kalani Express</name> <offday>no</offday> <from>Dhaka</from> <departure>3:00pm</departure> <to>Sylhet</to> <arrival>09:15pm</arrival> </item>
<item> <trainno>707</trainno>  <name>Tista Express</name> <offday>Monday</offday> <from>Dhaka</from> <departure>09:25pm</departure> <to>Dewangonge Bazar</to> <arrival>01:00pm</arrival> </item>
<item> <trainno>743</trainno>  <name>Bhrammaputra Express</name> <offday>no</offday> <from>Dhaka</from> <departure>06:00pm</departure> <to>Dewangonge Bazar</to> <arrival>11:55pm</arrival> </item>
<item> <trainno>745</trainno>  <name>Jamuna Express</name> <offday>no</offday> <from>Dhaka</from> <departure>04:20pm</departure> <to>Banga Bondhu setu (East)</to> <arrival>11:40pm</arrival> </item>
<item> <trainno>764</trainno>  <name>Chitra Express</name> <offday>Monday</offday> <from>Dhaka</from> <departure>07:00 pm</departure> <to>Khulna</to> <arrival>05:10am</arrival> </item>
<item> <trainno>771</trainno>  <name>Rangpur Express</name> <offday>Sunday</offday> <from>Dhaka</from> <departure>09:00am</departure> <to>BimanBandar</to> <arrival>09:20am</arrival> </item>
<item> <trainno>702</trainno>  <name>Subarna Express</name> <offday>Friday</offday> <from>Dhaka</from> <departure>3:20pm</departure> <to>Chittagong</to> <arrival>9:35pm</arrival> </item>
<item> <trainno>704</trainno>  <name>Mahanagar Provati</name> <offday>No</offday> <from>Dhaka</from> <departure>7:40am</departure> <to>Chittagong</to> <arrival>2:45pm</arrival> </item>
<item> <trainno>705</trainno>  <name>Ekota Express</name> <offday>Tuesday</offday> <from>Dhaka</from> <departure>9:50am</departure> <to>Dinajpur</to> <arrival>7:10pm</arrival> </item>
<item> <trainno>709</trainno>  <name>Parabat Express</name> <offday>Tuesday</offday> <from>Dhaka</from> <departure>6:40am</departure> <to>Sylhet</to> <arrival>1:20pm</arrival> </item>
<item> <trainno>712</trainno>  <name>Upakul Express</name> <offday>Wednesday</offday> <from>Dhaka</from> <departure>4:00pm</departure> <to>Noakhali</to> <arrival>9:30pm</arrival> </item>
<item> <trainno></trainno>  <name>Joyantika Express</name> <offday>No</offday> <from>Dhaka</from> <departure>2:00pm</departure> <to>Sylhet</to> <arrival>9:00pm</arrival> </item>
<item> <trainno>722</trainno>  <name>Mahanagar Godhuli</name> <offday>Sunday</offday> <from>Dhaka</from> <departure>4:40pm</departure> <to>Chittagong</to> <arrival>11:20pm</arrival> </item>
<item> <trainno>726</trainno>  <name>Sundarban Express</name> <offday>Saturday</offday> <from>Dhaka</from> <departure>6:20am</departure> <to>Khulna</to> <arrival>4:30pm</arrival> </item>
<item> <trainno>735</trainno>  <name>Aghnibina</name> <offday>No</offday> <from>Dhaka</from> <departure>9:30am</departure> <to>Tarakandi</to> <arrival>3:10pm</arrival> </item>
<item> <trainno>737</trainno>  <name>Egarosindhur Provati</name> <offday>Wednesday</offday> <from>Dhaka</from> <departure>8:10am</departure> <to>Kishorganj</to> <arrival>11:55am</arrival> </item>
<item> <trainno>739</trainno>  <name>Upaban Express</name> <offday>Wednesday</offday> <from>Dhaka</from> <departure>9:50pm</departure> <to>Sylhet</to> <arrival>5:10am</arrival> </item>
<item> <trainno>742</trainno>  <name>Turna</name> <offday>No</offday> <from>Dhaka</from> <departure>11:30pm</departure> <to>Chittagong</to> <arrival>6:40am</arrival> </item>
<item> <trainno>749</trainno>  <name>Egarosindhur Godhuli</name> <offday>N0</offday> <from>Dhaka</from> <departure>6:30pm</departure> <to>Kishorganj</to> <arrival>10:50pm</arrival> </item>
<item> <trainno>751</trainno>  <name>Lalmoni Express</name> <offday>Friday</offday> <from>Dhaka</from> <departure>10:10pm</departure> <to>Lalmonirhat</to> <arrival>8:20am</arrival> </item>
<item> <trainno>753</trainno>  <name>Silkcity Express</name> <offday>Sunday</offday> <from>Dhaka</from> <departure>2:40pm</departure> <to>Rajshahi</to> <arrival>8:50pm</arrival> </item>
<item> <trainno>757</trainno>  <name>Drutajan Express</name> <offday>Wednesday</offday> <from>Dhaka</from> <departure>7:40pm</departure> <to>Dinajpur</to> <arrival>5:00am</arrival> </item>
<item> <trainno>769</trainno>  <name>Dhumketu Express</name> <offday>Tuesday</offday> <from>Dhaka</from> <departure>6:00am</departure> <to>Rajshahi</to> <arrival>12:05pm</arrival> </item>
<item> <trainno>717</trainno>  <name>Joyntika Express</name> <offday>No</offday> <from>Dhaka</from> <departure>12:00pm</departure> <to>Sylhet</to> <arrival>7:15pm</arrival> </item>
<item> <trainno>55</trainno>  <name>Vhawal Express</name> <offday>no</offday> <from>Dhaka</from> <departure>9:00pm</departure> <to>Dewangonge Bazar</to> <arrival>4:45am</arrival> </item>
<item> <trainno>47</trainno>  <name>Dewangonge Commuter</name> <offday>no</offday> <from>Dhaka</from> <departure>5:30am</departure> <to>Dewangonge Bazar</to> <arrival>12:00pm</arrival> </item>
<item> <trainno></trainno>  <name>Express</name> <offday>Friday</offday> <from>Dhaka</from> <departure>5:00am</departure> <to>Joydevpur</to> <arrival>6:10am</arrival> </item>
<item> <trainno></trainno>  <name>Express</name> <offday>Friday</offday> <from>Dhaka</from> <departure>5:20pm</departure> <to>Joydevpur</to> <arrival>6:45pm</arrival> </item>
<item> <trainno>2</trainno>  <name>Chittagong Mail</name> <offday>No</offday> <from>Dhaka</from> <departure>10:30pm</departure> <to>Chittagong</to> <arrival>7:15am</arrival> </item>
<item> <trainno>4</trainno>  <name>Karnafuli Express</name> <offday>No</offday> <from>Dhaka</from> <departure>8:25am</departure> <to>Chittagong</to> <arrival>8:25pm</arrival> </item>
<item> <trainno>9</trainno>  <name>Surma Mail</name> <offday>No</offday> <from>Dhaka</from> <departure>10:50pm</departure> <to>Sylhet</to> <arrival>12:00pm</arrival> </item>
<item> <trainno>12</trainno>  <name>Noakhali Express</name> <offday>No</offday> <from>Dhaka</from> <departure>8:10pm</departure> <to>Noakhali</to> <arrival>4:40am</arrival> </item>
<item> <trainno>34</trainno>  <name>Titas Commuter</name> <offday>Friday</offday> <from>Dhaka</from> <departure>10:10am</departure> <to>Brahmman Baria</to> <arrival>1:20pm</arrival> </item>
<item> <trainno></trainno>  <name>Express</name> <offday>NO</offday> <from>Dhaka</from> <departure>11:25am</departure> <to>Mymensing</to> <arrival>10:20pm</arrival> </item>
<item> <trainno>43</trainno>  <name>Mohuya Express</name> <offday>No</offday> <from>Dhaka</from> <departure>12:20pm</departure> <to>Mohangonj</to> <arrival>7:10pm</arrival> </item>
<item> <trainno>49</trainno>  <name>Balaka Commuter</name> <offday>No</offday> <from>Dhaka</from> <departure>10:30am</departure> <to>Mymensingh</to> <arrival>2:10pm</arrival> </item>
<item> <trainno>51</trainno>  <name>Jamalpur Commuter</name> <offday>No</offday> <from>Dhaka</from> <departure>3:40pm</departure> <to>Dewanganj Bazar</to> <arrival>10:20pm</arrival> </item>
<item> <trainno>68</trainno>  <name>Chattala Express</name> <offday>Tuesday</offday> <from>Dhaka</from> <departure>10:50am</departure> <to>Chittagong</to> <arrival>6:30pm</arrival> </item>
<item> <trainno>5</trainno>  <name>Rajshahi Express</name> <offday>no</offday> <from>Dhaka</from> <departure>12:40pm</departure> <to>Rajshahi</to> <arrival>10:50pm</arrival> </item>
  
</channel>
</rss>