<?xml version="1.0"?>
<rss xmlns:dc="http://purl.org/dc/elements/1.1/" version="2.0">
<channel>
  <item>
    <trainno>9</trainno>
    <name>Surma Mail</name>
    <offday>No</offday>
    <from>Kulaura</from>
    <departure>9:32:00am</departure>
    <to>Sylhet</to>
    <arrival>12:00:00pm</arrival>
  </item>
  
  <item>
    <trainno>13</trainno>
    <name>Jalalabad Express</name>
    <offday>No</offday>
    <from>Kulaura</from>
    <departure>8:40:00am</departure>
    <to>Sylhet</to>
    <arrival>11:10:00am</arrival>
  </item>
  
  <item>
    <trainno>14</trainno>
    <name>Jalalabad Express</name>
    <offday>No</offday>
    <from>Kulaura</from>
    <departure>12:17:00am</departure>
    <to>Chittagong</to>
    <arrival>1:15:00pm</arrival>
  </item>
  
  <item>
    <trainno>17</trainno>
    <name>Kushiara Express</name>
    <offday>No</offday>
    <from>Kulaura</from>
    <departure>11:26:00pm</departure>
    <to>Sylhet</to>
    <arrival>1:00:00pm</arrival>
  </item>
  
  <item>
    <trainno>18</trainno>
    <name>Kushiara Express</name>
    <offday>No</offday>
    <from>Kulaura</from>
    <departure>5:59:00pm</departure>
    <to>Akhaura</to>
    <arrival>10:50:00pm</arrival>
  </item>
  
</channel>
</rss>