<?xml version="1.0"?>
<rss xmlns:dc="http://purl.org/dc/elements/1.1/" version="2.0">
<channel>
  <item>
    <trainno>>707</trainno>
    <name>Tista Express</name>
    <offday>Monday</offday>
    <from>Gaforgaon</from>
    <departure>9:30:00am</departure>
    <to>Dewangonge Bazar</to>
    <arrival>1:00:00pm</arrival>
  </item>
 
  <item>
    <trainno>745</trainno>
    <name>Jamuna Express</name>
    <offday>no</offday>
    <from>Gaforgaon</from>
    <departure>6:59:00pm</departure>
    <to>Banga Bondhu setu (East)</to>
    <arrival>11:40:00pm</arrival>
  </item>
  
  <item>
    <trainno>708</trainno>
    <name>Tista Express</name>
    <offday>Monday</offday>
    <from>Gaforgaon</from>
    <departure>5:51:00pm</departure>
    <to>Dhaka</to>
    <arrival>8:10:00pm</arrival>
  </item>
  
  <item>
    <trainno>735</trainno>
    <name>Aghnibina Express</name>
    <offday>No</offday>
    <from>Gaforgaon</from>
    <departure>11:40:00am</departure>
    <to>Tarakandi</to>
    <arrival>3:10:00pm</arrival>
  </item>
  
  <item>
    <trainno>736</trainno>
    <name>Aghnibina Express</name>
    <offday>No</offday>
    <from>Gaforgaon</from>
    <departure>7:30:00pm</departure>
    <to>Dhaka</to>
    <arrival>10:10:00pm</arrival>
  </item>
  
  <item>
    <trainno>744</trainno>
    <name>Brahmaputra Express</name>
    <offday>No</offday>
    <from>Gaforgaon</from>
    <departure>9:30:00am</departure>
    <to>Dhaka</to>
    <arrival>11:45:00am</arrival>
  </item>
  
  <item>
    <trainno>746</trainno>
    <name>Jamuna Express</name>
    <offday>No</offday>
    <from>Gaforgaon</from>
    <departure>5:27:00am</departure>
    <to>Dhaka</to>
    <arrival>8:00:00am</arrival>
  </item>
  
  <item>
    <trainno>47</trainno>
    <name>Dewangonj Commuter</name>
    <offday>no</offday>
    <from>Gaforgaon</from>
    <departure>8:06:00am</departure>
    <to>Dewangonge Bazar</to>
    <arrival>12:00:00pm</arrival>
  </item>
  
  <item>
    <trainno>48</trainno>
    <name>Dewangonj Commuter</name>
    <offday>no</offday>
    <from>Gaforgaon</from>
    <departure>4:40:00pm</departure>
    <to>Dhaka</to>
    <arrival>7:25:00pm</arrival>
  </item>
  
  <item>
    <trainno>52</trainno>
    <name>Jamalpur Commuter</name>
    <offday>no</offday>
    <from>Gaforgaon</from>
    <departure>8:05:00am</departure>
    <to>Dhaka</to>
    <arrival>10:30:00am</arrival>
  </item>
  
  <item>
    <trainno>55</trainno>
    <name>Vawal Express</name>
    <offday>no</offday>
    <from>Gaforgaon</from>
    <departure>11:42:00am</departure>
    <to>Dewangonge Bazar</to>
    <arrival>4:15:00am</arrival>
  </item>
  
  <item>
    <trainno>43</trainno>
    <name>Mohua Express</name>
    <offday>No</offday>
    <from>Gaforgaon</from>
    <departure>2:53:00pm</departure>
    <to>Mohanganj</to>
    <arrival>7:10:00pm</arrival>
  </item>
  
  <item>
    <trainno>44</trainno>
    <name>Mohua Express</name>
    <offday>No</offday>
    <from>Gaforgaon</from>
    <departure>12:30:00am></departure>
    <to>Dhaka</to>
    <arrival>3:30:00am</arrival>
  </item>
  
  <item>
    <trainno>49</trainno>
    <name>Balaka Express</name>
    <offday>No</offday>
    <from>Gaforgaon</from>
    <departure>1:01:00pm</departure>
    <to>Mymensing</to>
    <arrival>2:10:00pm</arrival>
  </item>
 
  <item>
    <trainno>50</trainno>
    <name>Balaka Express</name>
    <offday>No</offday>
    <from>Gaforgaon</from>
    <departure>4:08:00pm</departure>
    <to>Dhaka</to>
    <arrival>7:00:00pm</arrival>
  </item>
 
  <item>
    <trainno>51</trainno>
    <name>Jamalpur Commuter</name>
    <offday>No</offday>
    <from>Gaforgaon</from>
    <departure>6:18:00pm</departure>
    <to>Dewanganj Bazar</to>
    <arrival>10:20:00pm</arrival>
  </item>
 
  <item>
    <trainno>56</trainno>
    <name>Vawal Express</name>
    <offday>No</offday>
    <from>Gaforgaon</from>
    <departure>6:25:00am</departure>
    <to>Dhaka</to>
    <arrival>12:25:00pm</arrival>
  </item>
  

</channel>
</rss>