<?xml version="1.0"?>
<rss xmlns:dc="http://purl.org/dc/elements/1.1/" version="2.0">
<channel>
  <item>
    <trainno>711</trainno>
    <name>Upakul Express</name>
    <offday>Wednesday</offday>
    <from>Laksham</from>
    <departure>4:08pm</departure>
    <to>Dhaka</to>
    <arrival>8:30pm</arrival>
  </item>
  
  <item>
    <trainno>712</trainno>
    <name>Upakul Express</name>
    <offday>Wednesday</offday>
    <from>Laksham</from>
    <departure>12:00pm</departure>
    <to>Noakhali</to>
    <arrival>1:30pm</arrival>
  </item>
  
  <item>
    <trainno>719</trainno>
    <name>Paharika Exp</name>
    <offday>Monday</offday>
    <from>Laksham</from>
    <departure>10:30am</departure>
    <to>Sylhet</to>
    <arrival>5:00pm</arrival>
  </item>
  
  <item>
    <trainno>720</trainno>
    <name>Paharika Exp</name>
    <offday>Saturday</offday>
    <from>Laksham</from>
    <departure>4:34pm</departure>
    <to>Chittagong</to>
    <arrival>7:35pm</arrival>
  </item>
  
  <item>
    <trainno>723</trainno>
    <name>Udayan Express</name>
    <offday>Saturday</offday>
    <from>Laksham</from>
    <departure>11:32pm</departure>
    <to>Sylhet</to>
    <arrival>6:00am</arrival>
  </item>
  
  <item>
    <trainno>724</trainno>
    <name>Udayan Express</name>
    <offday>Sunday</offday>
    <from>Laksham</from>
    <departure>3:26am</departure>
    <to>Chittagong</to>
    <arrival>6:10am</arrival>
  </item>
  
  <item>
    <trainno>729</trainno>
    <name>Meghna Express</name>
    <offday>No</offday>
    <from>Laksham</from>
    <departure>7:57pm</departure>
    <to>Chandpur</to>
    <arrival>10:10pm</arrival>
  </item>
  
  <item>
    <trainno>730</trainno>
    <name>Meghna Express</name>
    <offday>No</offday>
    <from>Laksham</from>
    <departure>7:45am</departure>
    <to>Chittagong</to>
    <arrival>11:10am</arrival>
  </item>
  
  <item>
    <trainno>741</trainno>
    <name>Turna</name>
    <offday>No</offday>
    <from>Laksham</from>
    <departure>1:30am</departure>
    <to>Dhaka</to>
    <arrival>6:15am</arrival>
  </item>
  
  <item>
    <trainno>742</trainno>
    <name>Turna</name>
    <offday>No</offday>
    <from>Laksham</from>
    <departure>3:47am</departure>
    <to>Chittagong</to>
    <arrival>6:40am</arrival>
  </item>
 
  <item>
    <trainno>67</trainno>
    <name>Chattala Express</name>
    <offday>Tuesday</offday>
    <from>Laksham</from>
    <departure>11:30am</departure>
    <to>Dhaka</to>
    <arrival>4:00pm</arrival>
  </item>
  
  <item>
    <trainno>46</trainno>
    <name>Somotut Express</name>
    <offday>no</offday>
    <from>Laksham</from>
    <departure>5:20pm</departure>
    <to>Noakhali</to>
    <arrival>7:20pm</arrival>
  </item>
  
  <item>
    <trainno>1</trainno>
    <name>Dhaka Mail</name>
    <offday>No</offday>
    <from>Laksham</from>
    <departure>1:12am</departure>
    <to>Dhaka</to>
    <arrival>7:10am</arrival>
  </item>
  
  <item>
    <trainno>2</trainno>
    <name>Chittagong Mail</name>
    <offday>No</offday>
    <from>Laksham</from>
    <departure>4:14am</departure>
    <to>Chittagong</to>
    <arrival>7:15am</arrival>
  </item>
  
  <item>
    <trainno>3</trainno>
    <name>Karnafuli Express</name>
    <offday>No</offday>
    <from>Laksham</from>
    <departure>2:10pm</departure>
    <to>Dhaka</to>
    <arrival>11:00pm</arrival>
  </item>
 
  <item>
    <trainno>4</trainno>
    <name>Karnafuli Express</name>
    <offday>No</offday>
    <from>Laksham</from>
    <departure>4:50pm</departure>
    <to>Chittagong</to>
    <arrival>8:25pm</arrival>
  </item>
  
  <item>
    <trainno>38</trainno>
    <name>Mymensing Express</name>
    <offday>No</offday>
    <from>Laksham</from>
    <departure>3:30pm</departure>
    <to>Chittagong</to>
    <arrival>8:10pm</arrival>
  </item>
  
  <item>
    <trainno>11</trainno>
    <name>Dhaka Express</name>
    <offday>No</offday>
    <from>Laksham</from>
    <departure>11:05pm</departure>
    <to>Dhaka</to>
    <arrival>5:55am</arrival>
  </item>
 
  <item>
    <trainno>12</trainno>
    <name>Noakhali Express</name>
    <offday>No</offday>
    <from>Laksham</from>
    <departure>2:30am</departure>
    <to>Noakhali</to>
    <arrival>4:40am</arrival>
  </item>
  
  <item>
    <trainno>13</trainno>
    <name>Jalalabad Express</name>
    <offday>No</offday>
    <from>Laksham</from>
    <departure>12:00am</departure>
    <to>Sylhet</to>
    <arrival>11:10am</arrival>
  </item>
 
  <item>
    <trainno>14</trainno>
    <name>Jalalabad Express</name>
    <offday>No</offday>
    <from>Laksham</from>
    <departure>8:27am</departure>
    <to>Chittagong</to>
    <arrival>1:15pm</arrival>
  </item>
  
  <item>
    <trainno>29</trainno>
    <name>Sagorika Express</name>
    <offday>No</offday>
    <from>Laksham</from>
    <departure>12:14pm</departure>
    <to>Chandpur</to>
    <arrival>2:25pm</arrival>
  </item>
  
  <item>
    <trainno>30</trainno>
    <name>Sagorika Express</name>
    <offday>No</offday>
    <from>Laksham</from>
    <departure>5:40pm</departure>
    <to>Chittagong</to>
    <arrival>9:10pm</arrival>
  </item>
  
  <item>
    <trainno>68</trainno>
    <name>Chattala Express</name>
    <offday>Tuesday</offday>
    <from>Laksham</from>
    <departure>3:46pm</departure>
    <to>Chittagong</to>
    <arrival>6:30pm</arrival>
  </item>
 
  <item>
    <trainno>37</trainno>
    <name>Mymensingh Express</name>
    <offday>no</offday>
    <from>Laksham</from>
    <departure>7:20pm</departure>
    <to>Banga Bondhu setu (East)</to>
    <arrival>8:10am</arrival>
  </item>
  



</channel>
</rss>