<?xml version="1.0"?>
<rss xmlns:dc="http://purl.org/dc/elements/1.1/" version="2.0">
<channel>

  <item>
    <trainno>703</trainno>
    <name>Mohanagar Godhuli </name>
    <offday>No </offday>
    <from>Akhaura </from>
    <departure>19:05</departure>
    <to>Dhaka </to>
    <arrival>21:45 </arrival>
  </item>
  <item>
    <trainno>704</trainno>
    <name>Mohanagar Provati </name>
    <offday>No </offday>
    <from>Akhaura </from>
    <departure>10:20 </departure>
    <to>Chittagong </to>
    <arrival>14:45 </arrival>
  </item>
  <item>
    <trainno>709</trainno>
    <name>Parabat Express </name>
    <offday>Tuesday </offday>
    <from>Azampur </from>
    <departure>09:06 </departure>
    <to>Sylhet </to>
    <arrival>13:15</arrival>
  </item>
  <item>
    <trainno>710</trainno>
    <name>Parabat Express </name>
    <offday>Tuesday </offday>
    <from>Azampur </from>
    <departure>18:45 </departure>
    <to>Dhaka </to>
    <arrival>21:05 </arrival>
  </item>
  <item>
    <trainno>711</trainno>
    <name>Upakul Express </name>
    <offday>Wednesday </offday>
    <from>Akhaura </from>
    <departure>17:40 </departure>
    <to>Dhaka </to>
    <arrival>20:45 </arrival>
  </item>
  <item>
    <trainno>712</trainno>
    <name>Upakul Express </name>
    <offday>Wednesday </offday>
    <from>Akhaura </from>
    <departure>09:40 </departure>
    <to>Noakhali </to>
    <arrival>13:20 </arrival>
  </item>
  <item>
    <trainno>717</trainno>
    <name>Jayantika Express </name>
    <offday>No </offday>
    <from>Azampur </from>
    <departure>16:40 </departure>
    <to>Sylhet </to>
    <arrival>21:00 </arrival>
  </item>
  <item>
    <trainno>718</trainno>
    <name>Jayantika Express </name>
    <offday>Thursday </offday>
    <from>Azampur </from>
    <departure>12:05 </departure>
    <to>Dhaka </to>
    <arrival>14:50 </arrival>
  </item>
  <item>
    <trainno>719</trainno>
    <name>Paharika Express </name>
    <offday>Monday </offday>
    <from>Akhaura </from>
    <departure>12:10 </departure>
    <to>Sylhet </to>
    <arrival>17:20 </arrival>
  </item>
  <item>
    <trainno>720</trainno>
    <name>Paharika Express </name>
    <offday>Saturday </offday>
    <from>Akhaura </from>
    <departure>15:05 </departure>
    <to>Chittagong </to>
    <arrival>19:45 </arrival>
  </item>
  <item>
    <trainno>721</trainno>
    <name>Mohanagar Provati </name>
    <offday>Sunday </offday>
    <from>Akhaura </from>
    <departure>11:20 </departure>
    <to>Dhaka </to>
    <arrival>14:10 </arrival>
  </item>
  <item>
    <trainno>722</trainno>
    <name>Mohanagar Godhuli </name>
    <offday>Sunday </offday>
    <from>Akhaura </from>
    <departure>17:55 </departure>
    <to>Chittagong </to>
    <arrival>22:20 </arrival>
  </item>
  <item>
    <trainno>723</trainno>
    <name>Udayan Express </name>
    <offday>Saturday </offday>
    <from>Akhaura </from>
    <departure>01:15 </departure>
    <to>Sylhet </to>
    <arrival>05:55 </arrival>
  </item>
  <item>
    <trainno>724</trainno>
    <name>Udayan Express </name>
    <offday>Sunday </offday>
    <from>Akhaura </from>
    <departure>01:17 </departure>
    <to>Chittagong </to>
    <arrival>06:30 </arrival>
  </item>
  <item>
    <trainno>1</trainno>
    <name>Dhaka Mail </name>
    <offday>No </offday>
    <from>Akhaura </from>
    <departure>03:25 </departure>
    <to>Dhaka </to>
    <arrival>07:25 </arrival>
  </item>
  <item>
    <trainno>2</trainno>
    <name>Chittagong Mail </name>
    <offday>No </offday>
    <from>Akhaura </from>
    <departure>02:30 </departure>
    <to>Chittagong </to>
    <arrival>07:35 </arrival>
  </item>
  <item>
    <trainno>3</trainno>
    <name>Karnafuli Express </name>
    <offday>No </offday>
    <from>Akhaura </from>
    <departure>15:13 </departure>
    <to>Dhaka </to>
    <arrival>19:45 </arrival>
  </item>
  <item>
    <trainno>4</trainno>
    <name>Karnafuli Express </name>
    <offday>No </offday>
    <from>Akhaura </from>
    <departure>12:55 </departure>
    <to>Chittagong </to>
    <arrival>19:30 </arrival>
  </item>
  <item>
    <trainno>37</trainno>
    <name>Mymensingh Express </name>
    <offday>No </offday>
    <from>Akhaura </from>
    <departure>22:00 </departure>
    <to>Jagannathgonj Ghat </to>
    <arrival>09:40 </arrival>
  </item>
  <item>
    <trainno>38</trainno>
    <name>Mymensingh Express </name>
    <offday>No </offday>
    <from>Akhaura </from>
    <departure>13:30 </departure>
    <to>Chittagong </to>
    <arrival>21:50 </arrival>
  </item>
  <item>
    <trainno>33</trainno>
    <name>Titas Comuter </name>
    <offday>No </offday>
    <from>Akhaura </from>
    <departure>05:15 </departure>
    <to>Dhaka </to>
    <arrival>08:40 </arrival>
  </item>
  <item>
    <trainno>9</trainno>
    <name>Surma Mail </name>
    <offday>No </offday>
    <from>Akhaura </from>
    <departure>01:52 </departure>
    <to>Sylhet </to>
    <arrival>08:10 </arrival>
  </item>
  <item>
    <trainno>10</trainno>
    <name>Surma Mail </name>
    <offday>No </offday>
    <from>Akhaura </from>
    <departure>04:00 </departure>
    <to>Dhaka </to>
    <arrival>09:55 </arrival>
  </item>
  <item>
    <trainno>11</trainno>
    <name>Noakhali Express </name>
    <offday>No </offday>
    <from>Akhaura </from>
    <departure>00:55 </departure>
    <to>Dhaka </to>
    <arrival>04:45 </arrival>
  </item>
  <item>
    <trainno>12</trainno>
    <name>Noakhali Express </name>
    <offday>No </offday>
    <from>Akhaura </from>
    <departure>00:30 </departure>
    <to>Noakhali </to>
    <arrival>05:00 </arrival>
  </item>
  <item>
    <trainno>13</trainno>
    <name>Jalalabad Express </name>
    <offday>No </offday>
    <from>Akhaura </from>
    <departure>02:20 </departure>
    <to>Sylhet </to>
    <arrival>10:00 </arrival>
  </item>
  <item>
    <trainno>14</trainno>
    <name>Jalalabad Express </name>
    <offday>No </offday>
    <from>Akhaura </from>
    <departure>05:40 </departure>
    <to>Chittagong </to>
    <arrival>12:55 </arrival>
  </item>
  <item>
    <trainno>17</trainno>
    <name>Kushiara Express </name>
    <offday>No </offday>
    <from>Akhaura </from>
    <departure>06:15 </departure>
    <to>Sylhet </to>
    <arrival>12:15 </arrival>
  </item>
  <item>
    <trainno>46</trainno>
    <name>Samatal Express </name>
    <offday>No </offday>
    <from>Akhaura </from>
    <departure>12:15 </departure>
    <to>Noakhali </to>
    <arrival>17:05 </arrival>
  </item>
  
</channel>
</rss>