<?xml version="1.0"?>
<rss xmlns:dc="http://purl.org/dc/elements/1.1/" version="2.0">
<channel>
  <item>
    <trainno>745</trainno>
    <name>Jamuna Express</name>
    <offday>no</offday>
    <from>Mymensingh</from>
    <departure>8:10pm</departure>
    <to>Banga Bondhu setu (East)</to>
    <arrival>11:40pm</arrival>
  </item>
  
  <item>
    <trainno>707</trainno>
    <name>Tista Express</name>
    <offday>Monday</offday>
    <from>Mymensingh</from>
    <departure>10:23am</departure>
    <to>Dewangonge Bazar</to>
    <arrival>1:00pm</arrival>
  </item>
 
  <item>
    <trainno>743</trainno>
    <name>Bhrammaputra Express</name>
    <offday>no</offday>
    <from>Mymensingh</from>
    <departure>9:25pm</departure>
    <to>Dewangonge Bazar</to>
    <arrival>11:55pm</arrival>
  </item>
 
  <item>
    <trainno>708</trainno>
    <name>Tista Express</name>
    <offday>Monday</offday>
    <from>Mymensingh</from>
    <departure>5:03pm</departure>
    <to>Dhaka</to>
    <arrival>8:10pm</arrival>
  </item>
  
  <item>
    <trainno>735</trainno>
    <name>Aghnibina</name>
    <offday>No</offday>
    <from>Mymensingh</from>
    <departure>12:35pm</departure>
    <to>Tarakandi</to>
    <arrival>3:10pm</arrival>
  </item>
  
  <item>
    <trainno>736</trainno>
    <name>Aghnibina</name>
    <offday>No</offday>
    <from>Mymensingh</from>
    <departure>6:38pm</departure>
    <to>Dhaka</to>
    <arrival>10:10pm</arrival>
  </item>
 
  <item>
    <trainno>744</trainno>
    <name>Brahmaputra Express</name>
    <offday>No</offday>
    <from>Mymensingh</from>
    <departure>8:40am</departure>
    <to>Dhaka</to>
    <arrival>11:45am</arrival>
  </item>
  
  <item>
    <trainno>746</trainno>
    <name>Jamuna Express</name>
    <offday>No</offday>
    <from>Mymensingh</from>
    <departure>4:40am</departure>
    <to>Dhaka</to>
    <arrival>8:00am</arrival>
  </item>
 
  <item>
    <trainno>75</trainno>
    <name>Dholessory Express</name>
    <offday>no</offday>
    <from>Mymensingh</from>
    <departure>11:45am</departure>
    <to>Banga Bondhu setu (East)</to>
    <arrival>3:50pm</arrival>
  </item>
 
  <item>
    <trainno>55</trainno>
    <name>Vawal Express</name>
    <offday>no</offday>
    <from>Mymensingh</from>
    <departure>1:00am</departure>
    <to>Dawangong Bazar</to>
    <arrival>4:15pm</arrival>
  </item>
  
  <item>
    <trainno>38</trainno>
    <name>Mymensingh Express</name>
    <offday>No</offday>
    <from>Mymensingh</from>
    <departure>6:40am</departure>
    <to>Chittagong</to>
    <arrival>8:10pm</arrival>
  </item>
  
  <item>
    <trainno>40</trainno>
    <name>Isha Khan Express</name>
    <offday>No</offday>
    <from>Mymensingh</from>
    <departure>7:30am</departure>
    <to>Dhaka</to>
    <arrival>7:50pm</arrival>
  </item>
 
  <item>
    <trainno>43</trainno>
    <name>Mahua Express</name>
    <offday>No</offday>
    <from>Mymensingh</from>
    <departure>4:40pm</departure>
    <to>Mohangonj</to>
    <arrival>7:10pm</arrival>
  </item>
  
  <item>
    <trainno>44</trainno>
    <name>Mahua Express</name>
    <offday>No</offday>
    <from>Mymensingh</from>
    <departure>11:35pm</departure>
    <to>Dhaka</to>
    <arrival>3:30am</arrival>
  </item>
  
  <item>
    <trainno>50</trainno>
    <name>Balaka Express</name>
    <offday>No</offday>
    <from>Mymensingh</from>
    <departure>2:55pm</departure>
    <to>Dhaka</to>
    <arrival>7:00pm</arrival>
  </item>
  
  <item>
    <trainno>51</trainno>
    <name>JamalpurCommuter</name>
    <offday>No</offday>
    <from>Mymensingh</from>
    <departure>7:30pm</departure>
    <to>Dewangonj Bazar</to>
    <arrival>10:20pm</arrival>
  </item>
  
  <item>
    <trainno>56</trainno>
    <name>Vawal Express</name>
    <offday>No</offday>
    <from>Mymensingh</from>
    <departure>4:53am</departure>
    <to>Dhaka</to>
    <arrival>12:25pm</arrival>
  </item>
  
  <item>
    <trainno>47</trainno>
    <name>Dewangonj Express</name>
    <offday>no</offday>
    <from>Mymensingh</from>
    <departure>9:15am</departure>
    <to>Dewangonge Bazar</to>
    <arrival>12:00pm</arrival>
  </item>
 
  <item>
    <trainno>48</trainno>
    <name>Dewangonj Express</name>
    <offday>no</offday>
    <from>Mymensingh</from>
    <departure>3:53pm</departure>
    <to>Dhaka</to>
    <arrival>7:25pm</arrival>
  </item>
  
  <item>
    <trainno>52</trainno>
    <name>Jamalpur Commuter</name>
    <offday>no</offday>
    <from>Mymensingh</from>
    <departure>7:10am</departure>
    <to>Dhaka</to>
    <arrival>10:30am</arrival>
  </item>
 
  <item>
    <trainno>37</trainno>
    <name>Mymensingh Express</name>
    <offday>no</offday>
    <from>Mymensingh</from>
    <departure>3:35am</departure>
    <to>Banga Bondhu setu (East)</to>
    <arrival>8:10am</arrival>
  </item>
  
 


</channel>
</rss>