<?xml version="1.0"?>
<rss xmlns:dc="http://purl.org/dc/elements/1.1/" version="2.0">
<channel>

  <item>
    <trainno>703</trainno>
    <name>MahanagorGodhuli </name>
    <offday>No </offday>
    <from>Bhairab Bazar </from>
    <departure>19:49 </departure>
    <to>Dhaka</to>
    <arrival>21:45 </arrival>
  </item>
  <item>
    <trainno>704</trainno>
    <name>Mahanagor Provati </name>
    <offday>No </offday>
    <from>Bhairab Bazar </from>
    <departure>09:23  </departure>
    <to>Chittagong</to>
    <arrival>14:45 </arrival>
  </item>
  <item>
    <trainno>721</trainno>
    <name>Mahanagor Provati </name>
    <offday>Sunday </offday>
    <from>Bhairab Bazar </from>
    <departure>12:05 </departure>
    <to>Dhaka</to>
    <arrival>14:10 </arrival>
  </item>
  <item>
    <trainno>722</trainno>
    <name>MahanagorGodhuli </name>
    <offday>Sunday </offday>
    <from>Bhairab Bazar </from>
    <departure>17:03 </departure>
    <to>Chittagong</to>
    <arrival>22:20 </arrival>
  </item>
  <item>
    <trainno>737</trainno>
    <name>Egaro Sindhur Provati </name>
    <offday>Wednesday </offday>
    <from>Bhairab Bazar </from>
    <departure>10:11 </departure>
    <to>Kishorgonj </to>
    <arrival>12:00 </arrival>
  </item>
  <item>
    <trainno>738</trainno>
    <name>Egaro Sindhur Provati </name>
    <offday>No </offday>
    <from>Bhairab Bazar </from>
    <departure>08:00 </departure>
    <to>Dhaka</to>
    <arrival>11:10 </arrival>
  </item>
  <item>
    <trainno>739</trainno>
    <name>Upaban Express </name>
    <offday>No </offday>
    <from>Bhairab Bazar </from>
    <departure>00:02 </departure>
    <to>Sylhet </to>
    <arrival>05:15 </arrival>
  </item>
  <item>
    <trainno>740</trainno>
    <name>Upaban Express </name>
    <offday>No </offday>
    <from>Bhairab Bazar </from>
    <departure>03:19 </departure>
    <to>Dhaka</to>
    <arrival>05:05 </arrival>
  </item>
  <item>
    <trainno>749</trainno>
    <name>Egaro Sindhur Godhuli </name>
    <offday>No </offday>
    <from>Bhairab Bazar </from>
    <departure>20:53 </departure>
    <to>Kishorgonj </to>
    <arrival>22:40 </arrival>
  </item>
  <item>
    <trainno>750</trainno>
    <name>Egaro Sindhur Godhuli </name>
    <offday>Wednesday </offday>
    <from>Bhairab Bazar </from>
    <departure>14:15 </departure>
    <to>Dhaka</to>
    <arrival>16:50 </arrival>
  </item>
  <item>
    <trainno>1</trainno>
    <name>DhakaMail </name>
    <offday>No </offday>
    <from>Bhairab Bazar </from>
    <departure>04:27 </departure>
    <to>Dhaka</to>
    <arrival>07:25 </arrival>
  </item>
  <item>
    <trainno>2</trainno>
    <name>DhakaMail </name>
    <offday>No </offday>
    <from>Bhairab Bazar </from>
    <departure>00:52 </departure>
    <to>Chittagong</to>
    <arrival>07:35 </arrival>
  </item>
  <item>
    <trainno>3</trainno>
    <name>Karnafuli Express </name>
    <offday>No </offday>
    <from>Bhairab Bazar </from>
    <departure>16:24 </departure>
    <to>Dhaka</to>
    <arrival>19:45 </arrival>
  </item>
  <item>
    <trainno>4</trainno>
    <name>Karnafuli Express </name>
    <offday>No </offday>
    <from>Bhairab Bazar </from>
    <departure>11:35 </departure>
    <to>Chittagong</to>
    <arrival>19:30 </arrival>
  </item>
  <item>
    <trainno>37</trainno>
    <name>Mymensing Express </name>
    <offday>No </offday>
    <from>Bhairab Bazar </from>
    <departure>23:20 </departure>
    <to>Jagannathgonj Ghat </to>
    <arrival>09:40 </arrival>
  </item>
  <item>
    <trainno>38</trainno>
    <name>Mymensing Express </name>
    <offday>No </offday>
    <from>Bhairab Bazar </from>
    <departure>11:30 </departure>
    <to>Chittagong</to>
    <arrival>21:50 </arrival>
  </item>
  <item>
    <trainno>9</trainno>
    <name>Surma Mail </name>
    <offday>No </offday>
    <from>Bhairab Bazar </from>
    <departure>00:16 </departure>
    <to>Sylhet </to>
    <arrival>08:10 </arrival>
  </item>
  <item>
    <trainno>10</trainno>
    <name>Surma Mail </name>
    <offday>No </offday>
    <from>Bhairab Bazar </from>
    <departure>04:55 </departure>
    <to>Dhaka</to>
    <arrival>09:55 </arrival>
  </item>
  <item>
    <trainno>11</trainno>
    <name>Noakhali Express </name>
    <offday>No </offday>
    <from>Bhairab Bazar </from>
    <departure>02:00 </departure>
    <to>Dhaka</to>
    <arrival>04:45 </arrival>
  </item>
  <item>
    <trainno>12</trainno>
    <name>Noakhali Express </name>
    <offday>No </offday>
    <from>Bhairab Bazar </from>
    <departure>23:28 </departure>
    <to>Noakhali </to>
    <arrival>05:00 </arrival>
  </item>
  <item>
    <trainno>33</trainno>
    <name>Titas Commuter </name>
    <offday>No </offday>
    <from>Akhaura </from>
    <departure>06:03 </departure>
    <to>Dhaka</to>
    <arrival>08:40 </arrival>
  </item>
  <item>
    <trainno>34</trainno>
    <name>Titas Commuter </name>
    <offday>Friday </offday>
    <from>Bhairab Bazar </from>
    <departure>12:29 </departure>
    <to>Bhramann Baria </to>
    <arrival>13:00 </arrival>
  </item>
  <item>
    <trainno>35</trainno>
    <name>Titas Commuter </name>
    <offday>Friday </offday>
    <from>Bhairab Bazar </from>
    <departure>13:54 </departure>
    <to>Dhaka</to>
    <arrival>16:30 </arrival>
  </item>
  <item>
    <trainno>36</trainno>
    <name>Titas Commuter </name>
    <offday>No </offday>
    <from>Bhairab Bazar </from>
    <departure>20:07 </departure>
    <to>Akhaura </to>
    <arrival>21:00 </arrival>
  </item>
  <item>
    <trainno>39</trainno>
    <name>Isha Khan Express </name>
    <offday>No </offday>
    <from>Bhairab Bazar </from>
    <departure>16:50 </departure>
    <to>Mynensing </to>
    <arrival>22:15 </arrival>
  </item>
  <item>
    <trainno>40</trainno>
    <name>Isha Khan Express </name>
    <offday>No </offday>
    <from>Bhairab Bazar </from>
    <departure>13:05 </departure>
    <to>Dhaka</to>
    <arrival>18:35 </arrival>
  </item>
  
  
</channel>
</rss>