<?xml version="1.0"?>
<rss xmlns:dc="http://purl.org/dc/elements/1.1/" version="2.0">
<channel>
  <item>
    <trainno>774</trainno>
    <name>Kalani Express</name>
    <offday>no</offday>
    <from>Sylhet</from>
    <departure>6:40am</departure>
    <to>Dhaka</to>
    <arrival>1:00pm</arrival>
  </item>
  
  <item>
    <trainno>710</trainno>
    <name>Parabat Express</name>
    <offday>Tuesday</offday>
    <from>Sylhet</from>
    <departure>3:00pm</departure>
    <to>Dhaka</to>
    <arrival>9:50pm</arrival>
  </item>
  
  <item>
    <trainno>718</trainno>
    <name>Jayantika Express</name>
    <offday>Thursday</offday>
    <from>Sylhet</from>
    <departure>8:20am</departure>
    <to>Dhaka</to>
    <arrival>3:40pm</arrival>
  </item>
  
  <item>
    <trainno>720</trainno>
    <name>Paharika Express</name>
    <offday>Saturday</offday>
    <from>Sylhet</from>
    <departure>10:15am</departure>
    <to>Chittagong</to>
    <arrival>7:35pm</arrival>
  </item>
 
  <item>
    <trainno>724</trainno>
    <name>Udayan Express</name>
    <offday>Sunday</offday>
    <from>Sylhet</from>
    <departure>9:20pm</departure>
    <to>Chittagong</to>
    <arrival>6:10am</arrival>
  </item>
  
  <item>
    <trainno>740</trainno>
    <name>Upaban Express</name>
    <offday>No</offday>
    <from>Sylhet</from>
    <departure>10:00pm</departure>
    <to>Dhaka</to>
    <arrival>5:15am</arrival>
  </item>
 
  <item>
    <trainno>14</trainno>
    <name>Jalalabad Express</name>
    <offday>No</offday>
    <from>Sylhet</from>
    <departure>10:30pm</departure>
    <to>Chittagong</to>
    <arrival>1:15pm</arrival>
  </item>
  <item>
    <trainno>18</trainno>
    <name>Kushiara Express</name>
    <offday>No</offday>
    <from>Sylhet</from>
    <departure>4:10am</departure>
    <to>Akharua</to>
    <arrival>10:50pm</arrival>
  </item>
  

</channel>
</rss>