<?xml version="1.0"?>
<rss xmlns:dc="http://purl.org/dc/elements/1.1/" version="2.0">
<channel>
  <item>
    <trainno>701</trainno>
    <name>Subarna Express </name>
    <offday>Friday </offday>
    <from>Chittagong </from>
    <departure>07:00 </departure>
    <to>Dhaka </to>
    <arrival>13:00 </arrival>
  </item>
  <item>
    <trainno>703</trainno>
    <name>MahanagarGodhuli </name>
    <offday>No </offday>
    <from>Chittagong </from>
    <departure>15:00</departure>
    <to>Dhaka </to>
    <arrival>21:45</arrival>
  </item>
  <item>
    <trainno>719</trainno>
    <name>Paharika </name>
    <offday>Monday </offday>
    <from>Chittagong </from>
    <departure>08:00</departure>
    <to>Sylhet </to>
    <arrival>17:20</arrival>
  </item>
  <item>
    <trainno>721</trainno>
    <name>Mahanagar Provati </name>
    <offday>Sunday </offday>
    <from>Chittagong </from>
    <departure>07:15</departure>
    <to>Dhaka </to>
    <arrival>14:10</arrival>
  </item>
  <item>
    <trainno>723</trainno>
    <name>Udayn Express </name>
    <offday>Saturday </offday>
    <from>Chittagong </from>
    <departure>21:00</departure>
    <to>Sylhet </to>
    <arrival>05:55</arrival>
  </item>
  <item>
    <trainno>729</trainno>
    <name>Meghna Express </name>
    <offday>No </offday>
    <from>Chittagong </from>
    <departure>17:00</departure>
    <to>Chandpur </to>
    <arrival>22:00</arrival>
  </item>
  <item>
    <trainno>741</trainno>
    <name>Turna Express </name>
    <offday>No </offday>
    <from>Chittagong </from>
    <departure>23:00</departure>
    <to>Dhaka </to>
    <arrival>06:10</arrival>
  </item>
  <item>
    <trainno>1</trainno>
    <name>Dhaka Mail </name>
    <offday>No </offday>
    <from>Chittagong </from>
    <departure>22:30</departure>
    <to>Dhaka </to>
    <arrival>07:25</arrival>
  </item>
  <item>
    <trainno>3</trainno>
    <name>Karnafuli Express </name>
    <offday>No </offday>
    <from>Chittagong </from>
    <departure>10:20</departure>
    <to>Dhaka </to>
    <arrival>19:45</arrival>
  </item>
  <item>
    <trainno>37</trainno>
    <name>Mymensingh Express </name>
    <offday>No </offday>
    <from>Chittagong </from>
    <departure>15:10</departure>
    <to>Jagannathganj Ghat </to>
    <arrival>08:50</arrival>
  </item>
  <item>
    <trainno>13</trainno>
    <name>Jalalabad Express </name>
    <offday>No</offday>
    <from>Chittagong </from>
    <departure>19:20</departure>
    <to>Sylhet </to>
    <arrival>10:00</arrival>
  </item>
  <item>
     <trainno>29</trainno>
     <name>Sagorika Express</name>
     <offday>No</offday>
     <from>Chittagong</from>
     <departure>08:15</departure>
     <to>Chandpur</to>
     <arrival>14:15</arrival>
     </item>
</channel>
</rss>
