<?xml version="1.0"?>
<rss xmlns:dc="http://purl.org/dc/elements/1.1/" version="2.0">
  <channel>
    <item>
      <trainno>707</trainno>
      <name>Tista Express</name>
      <offday>no</offday>
      <from>Jamalpur</from>
      <departure>11:43:00am</departure>
      <to>Dewangonge Bazar</to>
      <arrival>1:00:00pm</arrival>
    </item>
    
    <item>
      <trainno>745</trainno>
      <name>Jamuna Express</name>
      <offday>no</offday>
      <from>Jamalpur</from>
      <departure>9:35:00pm</departure>
      <to>Banga Bondhu setu (East)</to>
      <arrival>11:40:00pm</arrival>
    </item>
   
    <item>
      <trainno>743</trainno>
      <name>Bhrammaputra Express</name>
      <offday>no</offday>
      <from>Jamalpur</from>
      <departure>10:53:00pm</departure>
      <to>Dewangonge Bazar</to>
      <arrival>11:55:00pm</arrival>
    </item>
   
    <item>
      <trainno>735</trainno>
      <name>Aghnibina</name>
      <offday>No</offday>
      <from>Jamalpur</from>
      <departure>1:53:00pm</departure>
      <to>Tarakandi</to>
      <arrival>3:10:00pm</arrival>
    </item>
   
    <item>
      <trainno>736</trainno>
      <name>Aghnibina</name>
      <offday>No</offday>
      <from>Jamalpur</from>
      <departure>5:05:00pm</departure>
      <to>Dhaka</to>
      <arrival>10:10:00pm</arrival>
    </item>
   
    <item>
      <trainno>708</trainno>
      <name>Tista Express</name>
      <offday>Monday</offday>
      <from>Jamalpur</from>
      <departure>3:45:00pm</departure>
      <to>Dhaka</to>
      <arrival>8:10:00pm</arrival>
    </item>
   
    <item>
      <trainno>744</trainno>
      <name>Bhrammaputra Express</name>
      <offday>No</offday>
      <from>Jamalpur</from>
      <departure>7:10:00am</departure>
      <to>Dhaka</to>
      <arrival>11:45:00am</arrival>
    </item>
   
    <item>
      <trainno>746</trainno>
      <name>Jamuna Express</name>
      <offday>No</offday>
      <from>Jamalpur</from>
      <departure>3:20:00am</departure>
      <to>Dhaka</to>
      <arrival>8:00:00am</arrival>
    </item>
  
    <item>
      <trainno>38</trainno>
      <name>Mymensingh Express</name>
      <offday>No</offday>
      <from>Jamalpur</from>
      <departure>4:45:00am</departure>
      <to>Chittagong</to>
      <arrival>8:10:00pm</arrival>
    </item>
  
    <item>
      <trainno>51</trainno>
      <name>Jamalpur Commuter</name>
      <offday>No</offday>
      <from>Jamalpur</from>
      <departure>9:05:00pm</departure>
      <to>Dewangonj Bazar</to>
      <arrival>10:20:00pm</arrival>
    </item>
    
    <item>
      <trainno>56</trainno>
      <name>Vawal Express</name>
      <offday>No</offday>
      <from>Jamalpur</from>
      <departure>2:32:00am</departure>
      <to>Dhaka</to>
      <arrival>11:25:00am</arrival>
    </item>
  
    <item>
      <trainno>55</trainno>
      <name>Vawal Express</name>
      <offday>no</offday>
      <from>Jamalpur</from>
      <departure>2:35:00am</departure>
      <to>Dewangong Bazar</to>
      <arrival>4:15:00am</arrival>
    </item>
   
    <item>
      <trainno>37</trainno>
      <name>Mymensingh Express</name>
      <offday>no</offday>
      <from>Jamalpur</from>
      <departure>5:22:00am</departure>
      <to>Banga Bondhu setu (East)</to>
      <arrival>8:10:00am</arrival>
    </item>
   

  </channel>
</rss>