<?xml version="1.0"?>
<rss xmlns:dc="http://purl.org/dc/elements/1.1/" version="2.0">
<channel>
  <item>
    <trainno>38</trainno>
    <name>Mymensingh Express</name>
    <offday>No</offday>
    <from>Kishorganj</from>
    <departure>9:25:00am</departure>
    <to>Chittagong</to>
    <arrival>8:10:00pm</arrival>
  </item>
  
  <item>
    <trainno>40</trainno>
    <name>Isha Khan Express</name>
    <offday>No</offday>
    <from>Kishorganj</from>
    <departure>10:27:00am</departure>
    <to>Dhaka</to>
    <arrival>7:50:00pm</arrival>
  </item>
  
  <item>
    <trainno>39</trainno>
    <name>Isha Khan Express</name>
    <offday>No</offday>
    <from>Kishorganj</from>
    <departure>6:47:00pm</departure>
    <to>Mymensingh</to>
    <arrival>9:45:00pm</arrival>
  </item>
  
  <item>
    <trainno>37</trainno>
    <name>Mymensingh Express</name>
    <offday>no</offday>
    <from>Kishorganj</from>
    <departure>12:45:00am</departure>
    <to>Banga Bondhu setu (East)</to>
    <arrival>8:10:00am</arrival>
  </item>
  
  

</channel>
</rss>