<?xml version="1.0"?>
<rss xmlns:dc="http://purl.org/dc/elements/1.1/" version="2.0">
<channel>
 
  <item>
    <trainno>730</trainno>
    <name>Meghna Express </name>
    <offday>No </offday>
    <from>Chandpur </from>
    <departure>05:00</departure>
    <to>Chittagong</to>
    <arrival>10:30</arrival>
  </item>
  
  <item>
    <trainno>30</trainno>
    <name>Sagarika Express </name>
    <offday>No </offday>
    <from>Chandpur </from>
    <departure>14:45</departure>
    <to>Chittagong</to>
    <arrival>21:10</arrival>
  </item>
 
</channel>
</rss>