<?xml version="1.0"?>
<rss xmlns:dc="http://purl.org/dc/elements/1.1/" version="2.0">
<channel>

  <item>
    <trainno>745</trainno>
    <name>Jamuna Express</name>
    <offday>no</offday>
    <from>Tarakandi</from>
    <departure>10:43pm</departure>
    <to>Banga Bondhu setu (East)</to>
    <arrival>11:40pm</arrival>
  </item>
  
  <item>
    <trainno>736</trainno>
    <name>Aghnibina</name>
    <offday>No</offday>
    <from>Tarakandi</from>
    <departure>4:00pm</departure>
    <to>Dhaka</to>
    <arrival>10:10pm</arrival>
  </item>
 
  <item>
    <trainno>746</trainno>
    <name>Jamuna Express</name>
    <offday>No</offday>
    <from>Tarakandi</from>
    <departure>2:10am</departure>
    <to>Dhaka</to>
    <arrival>8:00am</arrival>
  </item>
  
  <item>
    <trainno>38</trainno>
    <name>Mymensingh Express</name>
    <offday>No</offday>
    <from>Tarakandi</from>
    <departure>3:07am</departure>
    <to>Chittagong</to>
    <arrival>8:10pm</arrival>
  </item>
  
  <item>
    <trainno>37</trainno>
    <name>Mymensingh Express</name>
    <offday>no</offday>
    <from>Tarakandi</from>
    <departure>7:02am</departure>
    <to>Banga Bondhu setu (East)</to>
    <arrival>8:10am</arrival>
  </item>
  

</channel>
</rss>