<?xml version="1.0"?>
<rss xmlns:dc="http://purl.org/dc/elements/1.1/" version="2.0">
<channel>

  
  <item>
    <trainno>703</trainno>
    <name>MahanagorGodhuli </name>
    <offday>No </offday>
    <from>Brahmanbaria </from>
    <departure>19:27 </departure>
    <to>Dhaka</to>
    <arrival>21:45 </arrival>
  </item>
  <item>
    <trainno>704</trainno>
    <name>Mahanagor Provati </name>
    <offday>No </offday>
    <from>Brahmanbaria </from>
    <departure>09:52 </departure>
    <to>Chittagong</to>
    <arrival>14:45 </arrival>
  </item>
  <item>
    <trainno>709</trainno>
    <name>Parabat Express </name>
    <offday>Tuesday </offday>
    <from>Brahmanbaria </from>
    <departure>08:42 </departure>
    <to>Sylhet </to>
    <arrival>13:15 </arrival>
  </item>
  <item>
    <trainno>710</trainno>
    <name>Parabat Express </name>
    <offday>Tuesday </offday>
    <from>Brahmanbaria </from>
    <departure>19:09 </departure>
    <to>Dhaka</to>
    <arrival>21:25 </arrival>
  </item>
  <item>
    <trainno>711</trainno>
    <name>Upakul Express </name>
    <offday>Wednesday </offday>
    <from>Brahmanbaria </from>
    <departure>18:16 </departure>
    <to>Dhaka</to>
    <arrival>20:45 </arrival>
  </item>
  <item>
    <trainno>712</trainno>
    <name>Upakul Express </name>
    <offday>Wednesday </offday>
    <from>Brahmanbaria </from>
    <departure>09:12  </departure>
    <to>Noakhali </to>
    <arrival>13:30  </arrival>
  </item>
  <item>
    <trainno>721</trainno>
    <name>Mahanagor Provati </name>
    <offday>Sunday </offday>
    <from>Brahmanbaria </from>
    <departure>11:40  </departure>
    <to>Dhaka</to>
    <arrival>14:10  </arrival>
  </item>
  <item>
    <trainno>722</trainno>
    <name>MahanagorGodhuli </name>
    <offday>Sunday </offday>
    <from>Brahmanbaria </from>
    <departure>17:27  </departure>
    <to>Chittagong</to>
    <arrival>22:20  </arrival>
  </item>
  <item>
    <trainno>741</trainno>
    <name>Turna Express </name>
    <offday>No </offday>
    <from>Brahmanbaria </from>
    <departure>03:28 </departure>
    <to>Dhaka</to>
    <arrival>06:10 </arrival>
  </item>
  <item>
    <trainno>742</trainno>
    <name>Turna Express </name>
    <offday>No </offday>
    <from>Brahmanbaria </from>
    <departure>01:22 </departure>
    <to>Chittagong</to>
    <arrival>06:50 </arrival>
  </item>
  <item>
    <trainno>1</trainno>
    <name>Dhaka Mail </name>
    <offday>No </offday>
    <from>Brahmanbaria </from>
    <departure>03:58 </departure>
    <to>Dhaka</to>
    <arrival>07:25 </arrival>
  </item>
  <item>
    <trainno>2</trainno>
    <name>Chittagong Mail </name>
    <offday>No </offday>
    <from>Brahmanbaria </from>
    <departure>01:45 </departure>
    <to>Chittagong</to>
    <arrival>07:35 </arrival>
  </item>
  <item>
    <trainno>3</trainno>
    <name>Karnafuli Express </name>
    <offday>No </offday>
    <from>Brahmanbaria </from>
    <departure>15:57 </departure>
    <to>Dhaka</to>
    <arrival>19:45 </arrival>
  </item>
  <item>
    <trainno>4</trainno>
    <name>Karnafuli Express </name>
    <offday>No </offday>
    <from>Brahmanbaria </from>
    <departure>12:18 </departure>
    <to>Chittagong</to>
    <arrival>19:30 </arrival>
  </item>
  <item>
    <trainno>37</trainno>
    <name>Mymensing Express </name>
    <offday>No </offday>
    <from>Brahmanbaria </from>
    <departure>22:32 </departure>
    <to>Jagannathgonj Ghat </to>
    <arrival>09:40 </arrival>
  </item>
  <item>
    <trainno>38</trainno>
    <name>Mymensing Express </name>
    <offday>No </offday>
    <from>Brahmanbaria </from>
    <departure>12:40 </departure>
    <to>Chittagong</to>
    <arrival>21:50 </arrival>
  </item>
  <item>
    <trainno>9</trainno>
    <name>Surma Mail </name>
    <offday>No </offday>
    <from>Brahmanbaria </from>
    <departure>01:00 </departure>
    <to>Sylhet </to>
    <arrival>08:10 </arrival>
  </item>
  <item>
    <trainno>10</trainno>
    <name>Surma Mail </name>
    <offday>No </offday>
    <from>Brahmanbaria </from>
    <departure>04:27 </departure>
    <to>Dhaka</to>
    <arrival>09:55 </arrival>
  </item>
  <item>
    <trainno>11</trainno>
    <name>Noakhali Express </name>
    <offday>No </offday>
    <from>Brahmanbaria </from>
    <departure>01:26 </departure>
    <to>Dhaka</to>
    <arrival>04:45 </arrival>
  </item>
  <item>
    <trainno>12</trainno>
    <name>Noakhali Express </name>
    <offday>No </offday>
    <from>Brahmanbaria </from>
    <departure>00:02 </departure>
    <to>Noakhali </to>
    <arrival>05:00 </arrival>
  </item>
  <item>
    <trainno>33</trainno>
    <name>Titas Commuter </name>
    <offday>No </offday>
    <from>Brahmanbaria </from>
    <departure>05:37 </departure>
    <to>Dhaka</to>
    <arrival>08:40 </arrival>
  </item>
  <item>
    <trainno>35</trainno>
    <name>Titas Commuter </name>
    <offday>Friday </offday>
    <from>Brahmanbaria </from>
    <departure>13:30 </departure>
    <to>Dhaka</to>
    <arrival>16:30 </arrival>
  </item>
  <item>
    <trainno>36</trainno>
    <name>Titas Commuter </name>
    <offday>No </offday>
    <from>Brahmanbaria </from>
    <departure>20:35 </departure>
    <to>Akhaura </to>
    <arrival>21:00 </arrival>
  </item>
  
</channel>
</rss>