<?xml version="1.0"?>
<rss xmlns:dc="http://purl.org/dc/elements/1.1/" version="2.0">
<channel>
  <item>
    <trainno>704</trainno>
    <name>Mohanagar Provati </name>
    <offday>No </offday>
    <from>Comilla </from>
    <departure>11:24</departure>
    <to>Chittagong</to>
    <arrival>14:45</arrival>
  </item>
  <item>
    <trainno>711</trainno>
    <name>Upakul Express </name>
    <offday>Wednesday </offday>
    <from>Comilla </from>
    <departure>16:22</departure>
    <to>Dhaka</to>
    <arrival>20:45</arrival>
  </item>
  <item>
    <trainno>712</trainno>
    <name>Upakul Express </name>
    <offday>Wednesday </offday>
    <from>Comilla </from>
    <departure>11:04</departure>
    <to>Noakhali </to>
    <arrival>13:20</arrival>
  </item>
  <item>
    <trainno>719</trainno>
    <name>Paharika </name>
    <offday>Monday </offday>
    <from>Comilla </from>
    <departure>10:50</departure>
    <to>Sylhet </to>
    <arrival>17:20</arrival>
  </item>
  <item>
    <trainno>720</trainno>
    <name>Paharika </name>
    <offday>Saturday </offday>
    <from>Comilla </from>
    <departure>16:02</departure>
    <to>Chittagong</to>
    <arrival>19:45</arrival>
  </item>
  <item>
    <trainno>721</trainno>
    <name>Mohanagar Provati </name>
    <offday>Sunday </offday>
    <from>Comilla </from>
    <departure>10:03</departure>
    <to>Dhaka</to>
    <arrival>14:10</arrival>
  </item>
  <item>
    <trainno>722</trainno>
    <name>Mohanagar Godhuli </name>
    <offday>Sunday </offday>
    <from>Comilla </from>
    <departure>18:40</departure>
    <to>Chittagong</to>
    <arrival>22:20</arrival>
  </item>
  <item>
    <trainno>723</trainno>
    <name>Udayn Express </name>
    <offday>Saturday </offday>
    <from>Comilla </from>
    <departure>23:52</departure>
    <to>Sylhet </to>
    <arrival>05:55</arrival>
  </item>
  <item>
    <trainno>724</trainno>
    <name>Udayn Express </name>
    <offday>Sunday </offday>
    <from>Comilla </from>
    <departure>02:13</departure>
    <to>Chittagong</to>
    <arrival>06:20</arrival>
  </item>
  <item>
    <trainno>741</trainno>
    <name>Turna Express </name>
    <offday>No </offday>
    <from>Comilla </from>
    <departure>01:48</departure>
    <to>Dhaka</to>
    <arrival>06:10</arrival>
  </item>
  <item>
    <trainno>742</trainno>
    <name>Turna Express </name>
    <offday>No </offday>
    <from>Comilla </from>
    <departure>02:55</departure>
    <to>Chittagong</to>
    <arrival>06:50</arrival>
  </item>
  <item>
    <trainno>1</trainno>
    <name>Dhaka Mail </name>
    <offday>No </offday>
    <from>Comilla </from>
    <departure>01:30</departure>
    <to>Dhaka</to>
    <arrival>07:25</arrival>
  </item>
  <item>
    <trainno>2</trainno>
    <name>Chittagong Mail </name>
    <offday>No </offday>
    <from>Comilla </from>
    <departure>03:29</departure>
    <to>Chittagong</to>
    <arrival>07:35</arrival>
  </item>
  <item>
    <trainno>3</trainno>
    <name>Karnafuli Express </name>
    <offday>No </offday>
    <from>Comilla </from>
    <departure>13:25</departure>
    <to>Dhaka</to>
    <arrival>19:45</arrival>
  </item>
  <item>
    <trainno>4</trainno>
    <name>Karnafuli Express </name>
    <offday>No </offday>
    <from>Comilla </from>
    <departure>14:42</departure>
    <to>Chittagong</to>
    <arrival>19:30</arrival>
  </item>
  <item>
    <trainno>37</trainno>
    <name>Mymensing Express </name>
    <offday>No </offday>
    <from>Comilla </from>
    <departure>20:22</departure>
    <to>Jagannathganj Ghat </to>
    <arrival>09:40</arrival>
  </item>
  <item>
    <trainno>38</trainno>
    <name>Mymensing Express </name>
    <offday>No </offday>
    <from>Comilla </from>
    <departure>15:03</departure>
    <to>Chittagong</to>
    <arrival>21:50</arrival>
  </item>
  <item>
    <trainno>11</trainno>
    <name>Noahkali Express </name>
    <offday>No </offday>
    <from>Comilla </from>
    <departure>23:13</departure>
    <to>Dhaka</to>
    <arrival>04:45</arrival>
  </item>
  <item>
    <trainno>12</trainno>
    <name>Noahkali Express </name>
    <offday>No </offday>
    <from>Comilla </from>
    <departure>01:22</departure>
    <to>Noakhali </to>
    <arrival>05:00</arrival>
  </item>
  <item>
    <trainno>13</trainno>
    <name>Jalalabad Express </name>
    <offday>No </offday>
    <from>Comilla </from>
    <departure>00:20</departure>
    <to>Sylhet </to>
    <arrival>10:00</arrival>
  </item>
  <item>
    <trainno>14</trainno>
    <name>Jalalabad Express </name>
    <offday>No </offday>
    <from>Comilla </from>
    <departure>06:53</departure>
    <to>Chittagong</to>
    <arrival>12:55</arrival>
  </item>
  <item>
    <trainno>45</trainno>
    <name>Samatat Express </name>
    <offday>No </offday>
    <from>Comilla </from>
    <departure>09:06</departure>
    <to>Akhaura </to>
    <arrival>11:40</arrival>
  </item>
  <item>
    <trainno>46</trainno>
    <name>Samatat Express </name>
    <offday>No </offday>
    <from>Comilla </from>
    <departure>13:50</departure>
    <to>Noakhali </to>
    <arrival>17:05</arrival>
  </item>
  
</channel>
</rss>