<?xml version="1.0"?>
<rss xmlns:dc="http://purl.org/dc/elements/1.1/" version="2.0">
<channel>

<item> <trainno>737</trainno>  <name>Egaroshindhur Provati</name> <offday>Wednesday</offday> <from>Bimanbandar</from> <departure></departure> <to></to> <arrival></arrival> </item>
<item> <trainno>738</trainno>  <name>Egaroshindhur Provati</name> <offday>no</offday> <from>Bimanbandar</from> <departure></departure> <to></to> <arrival></arrival> </item>
<item> <trainno>774</trainno>  <name></name> <offday>no</offday> <from>Bimanbandar</from> <departure></departure> <to></to> <arrival></arrival> </item>
<item> <trainno>721</trainno>  <name>Mohanagar Provati</name> <offday>Sunday</offday> <from>Bimanbandar</from> <departure></departure> <to></to> <arrival></arrival> </item>
<item> <trainno>722</trainno>  <name>Mohanagar Provati</name> <offday>Sunday</offday> <from>Bimanbandar</from> <departure></departure> <to></to> <arrival></arrival> </item>
<item> <trainno>717</trainno>  <name>Joyntika Express</name> <offday>no</offday> <from>Bimanbandar</from> <departure></departure> <to></to> <arrival></arrival> </item>
<item> <trainno>718</trainno>  <name>Jayantika Express</name> <offday>Thursday</offday> <from>Bimanbandar</from> <departure></departure> <to></to> <arrival></arrival> </item>
<item> <trainno>749</trainno>  <name>Egarosindhur Godhuli</name> <offday>no</offday> <from>Bimanbandar</from> <departure></departure> <to></to> <arrival></arrival> </item>
<item> <trainno>750</trainno>  <name>Egarosindhur Godhuli</name> <offday>Wednesday</offday> <from>Bimanbandar</from> <departure></departure> <to></to> <arrival></arrival> </item>
<item> <trainno>763</trainno>  <name>Chitra Express</name> <offday>Monday</offday> <from>Bimanbandar</from> <departure></departure> <to></to> <arrival></arrival> </item>
<item> <trainno>764</trainno>  <name>Chitra Express</name> <offday>Monday</offday> <from>Bimanbandar</from> <departure></departure> <to></to> <arrival></arrival> </item>
<item> <trainno>746</trainno>  <name>Jamuna Express</name> <offday>no</offday> <from>Bimanbandar</from> <departure></departure> <to></to> <arrival></arrival> </item>
<item> <trainno>744</trainno>  <name>Brahmaputra Express</name> <offday>no</offday> <from>Bimanbandar</from> <departure></departure> <to></to> <arriva></arrival> </item>
<item> <trainno>739</trainno>  <name>Upaban Express</name> <offday>Wednesday</offday> <from>Bimanbandar</from> <departure></departure> <to></to> <arrival></arrival> </item>
<item> <trainno>740</trainno>  <name>Upaban Express</name> <offday>no</offday> <from>Bimanbandar</from> <departure></departure> <to></to> <arrival></arrival> </item>
<item> <trainno>742</trainno>  <name>Turna</name> <offday>no</offday> <from>Bimanbandar</from> <departure></departure> <to></to> <arrival></arrival> </item>
<item> <trainno>741</trainno>  <name>Turna</name> <offday>no</offday> <from>Bimanbandar</from> <departure></departure> <to></to> <arrival></arrival> </item>
<item> <trainno>772</trainno>  <name>Rangpur Express</name> <offday>Monday</offday> <from>Bimnabandar</from> <departure></departure> <to></to> <arrival></arrival> </item>
<item> <trainno>773</trainno>  <name>Kalani Express</name> <offday>no</offday> <from>Bimanbandar</from> <departure></departure> <to></to> <arrival></arrival> </item>
<item> <trainno>774</trainno>  <name>Kalani Express</name> <offday>no</offday> <from>Bimanbandar</from> <departure></departure> <to></to> <arrival></arrival> </item>
<item> <trainno>771</trainno>  <name>Rangpur Express</name> <offday>Sunday</offday> <from>Bimanbandar</from> <departure></departure> <to></to> <arrival></arrival> </item>
<item> <trainno>701</trainno>  <name>Subarna Express</name> <offday>Friday</offday> <from>Bimanbandar</from> <departure></departure> <to></to> <arrival></arrival> </item>
<item> <trainno>702</trainno>  <name>Subarna Express</name> <offday>Friday</offday> <from>Bimanbandar</from> <departure></departure> <to></to> <arrival></arrival> </item>
<item> <trainno>703</trainno>  <name>Mahanagar Godhuli</name> <offday>no</offday> <from>Bimnabandar</from> <departure></departure> <to></to> <arrival></arrival> </item>
<item> <trainno>704</trainno>  <name>Mahanagar Probhati</name> <offday>no</offday> <from>Bimnabandar</from> <departure></departure> <to></to> <arrival></arrival> </item>
<item> <trainno>705</trainno>  <name>Ekota Express</name> <offday>Tuesday</offday> <from>Bimnabandar</from> <departure></departure> <to></to> <arrival></arrival> </item>
<item> <trainno>706</trainno>  <name>Ekota Express</name> <offday>Monday</offday> <from>Bimnabandar</from> <departure></departure> <to></to> <arrival></arrival> </item>
<item> <trainno>708</trainno>  <name>Tista Express</name> <offday>Monday</offday> <from>Bimanbandar</from> <departure></departure> <to></to> <arrival></arrival> </item>
<item> <trainno>709</trainno>  <name>Parbat Express</name> <offday>Tuesday</offday> <from>Bimanbandar</from> <departure></departure> <to></to> <arrival></arrival> </item>
<item> <trainno>710</trainno>  <name>Parbat Express</name> <offday>Tuesday</offday> <from>Bimanbandar</from> <departure></departure> <to></to> <arrival></arrival> </item>
<item> <trainno>711</trainno>  <name>Upakul Express</name> <offday>Wednesday</offday> <from>Bimnabandar</from> <departure></departure> <to></to> <arrival></arrival> </item>
<item> <trainno>712</trainno>  <name>Upakul Express</name> <offday>Wednesday</offday> <from>Bimanbandar</from> <departure></departure> <to></to> <arrival></arrival> </item>
<item> <trainno></trainno>     <name>Joyantika Express</name> <offday>no</offday> <from>Bimanbandar</from> <departure></departure> <to></to> <arrival></arrival> </item>
<item> <trainno></trainno>     <name>Joyantika Express</name> <offday>Thursday</offday> <from>Bimanbandar</from> <departure></departure> <to></to> <arrival></arrival> </item>
<item> <trainno>725</trainno>  <name>Sundarban Exp</name> <offday>Friday</offday> <from>Bimanbandar</from> <departure></departure> <to></to> <arrival></arrival> </item>
<item> <trainno>726</trainno>  <name>Sundarban Exp</name> <offday>Saturday</offday> <from>Bimanbandar</from> <departure></departure> <to></to> <arrival></arrival> </item>
<item> <trainno>735</trainno>  <name>Aghnibina</name> <offday>no</offday> <from>Bimanbandar</from> <departure></departure> <to></to> <arrival></arrival> </item>
<item> <trainno>736</trainno>  <name>Aghnibina</name> <offday>no</offday> <from>Bimnabandar</from> <departure></departure> <to></to> <arrival></arrival> </item>
<item> <trainno></trainno>     <name>Bhrammaputra Express</name> <offday>no</offday> <from>Bimnabandar</from> <departure></departure> <to></to> <arrival></arrival> </item>
<item> <trainno></trainno>     <name>Bhrammaputra</name> <offday>no</offday> <from>Bimanbandar</from> <departure></departure> <to></to> <arrival></arrival> </item>
<item> <trainno>751</trainno>  <name>Lalmani Express</name> <offday>Friday</offday> <from>Bimanbandar</from> <departure></departure> <to></to> <arrival></arrival> </item>
<item> <trainno>752</trainno>  <name>Lalmani Express</name> <offday>Friday</offday> <from>Bimanbandar</from> <departure></departure> <to></to> <arrival></arrival> </item>
<item> <trainno>753</trainno>  <name>Silkcity Express</name> <offday>Sunday</offday> <from>Bimanbandar</from> <departure></departure> <to></to> <arrival></arrival> </item>
<item> <trainno>754</trainno>  <name>Silkcity Express</name> <offday>Sunday</offday> <from>Bimanbandar</from> <departure></departure> <to></to> <arrival></arrival> </item>
<item> <trainno>757</trainno>  <name>Drutajan Express</name> <offday>Wednesday</offday> <from>Bimanbandar</from> <departure></departure> <to></to> <arrival></arrival> </item>
<item> <trainno>758</trainno>  <name>Drutajan Express</name> <offday>Wednesday</offday> <from>Bimanbandar</from> <departure></departure> <to></to> <arrival></arrival> </item>
<item> <trainno>759</trainno>  <name>Padma Express</name> <offday>Tuesday</offday> <from>Bimanbandar</from> <departure></departure> <to></to> <arrival></arrival> </item>
<item> <trainno>760</trainno>  <name>Padma Express</name> <offday>Tuesday</offday> <from>Bimanbandar</from> <departure></departure> <to></to> <arrival></arrival> </item>
<item> <trainno>765</trainno>  <name>Nilsagar</name> <offday>Monday</offday> <from>Bimanbandar</from> <departure></departure> <to></to> <arrival></arrival> </item>
<item> <trainno>766</trainno>  <name>Nilsagar</name> <offday>Sunday</offday> <from>Bimanbandar</from> <departure></departure> <to></to> <arrival></arrival> </item>
<item> <trainno>769</trainno>  <name>Dumketu Express</name> <offday>Tuesday</offday> <from>Bimanbandar</from> <departure></departure> <to></to> <arrival></arrival> </item>
<item> <trainno>770</trainno>  <name>Dumketu Express</name> <offday>Monday</offday> <from>Bimanbandar</from> <departure></departure> <to></to> <arrival></arrival> </item>
<item> <trainno>1</trainno>    <name>Dhaka Mail</name> <offday>no</offday> <from>Bimanbandar</from> <departure>6:27am</departure> <to>Dhaka</to> <arrival>7:10am</arrival> </item>
<item> <trainno>2</trainno>    <name>Chitagong Mail</name> <offday>no</offday> <from>Bimanbandar</from> <departure>11:11pm</departure> <to>Chittagong</to> <arrival>7:15am</arrival> </item>
<item> <trainno>3</trainno>    <name>Karnaphully Express</name> <offday>no</offday> <from>Bimanbandar</from> <departure>10:14pm</departure> <to>Dhaka</to> <arrival>11:00pm</arrival> </item>
<item> <trainno>4</trainno>    <name>karnaphully Express</name> <offday>no</offday> <from>Bimanbandar</from> <departure>9:05am</departure> <to>Chittagong</to> <arrival>8:25pm</arrival> </item>
<item> <trainno>9</trainno>    <name>Surma Mail</name> <offday>no</offday> <from>Bimanbandar</from> <departure>11:31pm</departure> <to>Sylhet</to> <arrival>12:00pm</arrival> </item>
<item> <trainno>11</trainno>   <name>Dhaka Express</name> <offday>no</offday> <from>Bimanbandar</from> <departure>4:47am</departure> <to>Dhaka</to> <arrival>5:55am</arrival> </item>
<item> <trainno>12</trainno>   <name>Noakhali Express</name> <offday>no</offday> <from>Bimanbandr</from> <departure>8:48pm</departure> <to>Noakhali</to> <arrival>4:40am</arrival> </item>
<item> <trainno>33</trainno>  <name>Titas Commuter</name> <offday>no</offday> <from>Bimanbandar</from> <departure>7:47am</departure> <to>Dhaka</to> <arrival>8:30am</arrival> </item>
<item> <trainno>34</trainno>  <name>Titas Commuter</name> <offday>Friday</offday> <from>Bimanbandar</from> <departure>10:39am</departure> <to>Brahmanbaria</to> <arrival>1:20pm</arrival> </item>
<item> <trainno>39</trainno>  <name>Ishakhan Express</name> <offday>no</offday> <from>Bimanbandar</from> <departure>12:14pm</departure> <to>Mymensing</to> <arrival>9:45pm</arrival> </item>
<item> <trainno>40</trainno>  <name>Ishakhan Express</name> <offday>no</offday> <from>Bimanbandar</from> <departure>6:30pm</departure> <to>Dhaka</to> <arrival>7:50pm</arrival> </item>
<item> <trainno>43</trainno>  <name>Mahua Express</name> <offday>no</offday> <from>Bimanbandar</from> <departure>12:55pm</departure> <to>Mohanganj</to> <arrival>7:10pm</arrival> </item>
<item> <trainno>44</trainno>  <name>Mahua Express</name> <offday>no</offday> <from>Bimanbandar</from> <departure>2:25am</departure> <to>Dhaka</to> <arrival>3:30am</arrival> </item>
<item> <trainno>49</trainno>  <name>Balaka Express</name> <offday>no</offday> <from>Bimanbandar</from> <departure>11:08am</departure> <to>Mymensing</to> <arrival>2:10pm</arrival> </item>
<item> <trainno>50</trainno>  <name>Balaka Express</name> <offday>no</offday> <from>Bimanbandar</from> <departure>6:16pm</departure> <to>Dhaka</to> <arrival>7:00pm</arrival> </item>
<item> <trainno>51</trainno>  <name>Jamalpur Commuter</name> <offday>no</offday> <from>Bimanbandar</from> <departure>4:10pm</departure> <to>Dewanganj Bazar</to> <arrival>10:20pm</arrival> </item>
<item> <trainno>56</trainno>  <name>Vowal Express</name> <offday>no</offday> <from>Bimanbandar</from> <departure>11:25am</departure> <to>Dhaka</to> <arrival>12:25pm</arrival> </item>
<item> <trainno>68</trainno>  <name>Chattala Express</name> <offday>Tuesday</offday> <from></from> <departure>11:19am</departure> <to>Chitttagong</to> <arrival>6:30pm</arrival> </item>
<item> <trainno></trainno>  <name>Express</name> <offday>Friday</offday> <from>Bimanbandar</from> <departure>5:39am</departure> <to>Joydevpur</to> <arrival>6:10am</arrival> </item>
<item> <trainno></trainno>  <name>Express</name> <offday>Friday</offday> <from>Bimanbandar</from> <departure>8:02am</departure> <to>N.Gong</to> <arrival>9:55am</arrival> </item>
<item> <trainno></trainno>  <name>Express</name> <offday>Friday</offday> <from>Bimanbandar</from> <departure>11:47am</departure> <to>Joydevpur</to> <arrival>12:20pm</arrival> </item>
<item> <trainno></trainno>  <name>Express</name> <offday>Friday</offday> <from>Bimanbandar</from> <departure>1:25pm</departure> <to>Dhaka</to> <arrival>2:10pm</arrival> </item>
<item> <trainno></trainno>  <name>Express</name> <offday>Friday</offday> <from>Bimanbandar</from> <departure>6:00pm</departure> <to>Joydevpur</to> <arrival>6:45pm</arrival> </item>
<item> <trainno></trainno>  <name>Express</name> <offday>Friday</offday> <from>Bimanbandar</from> <departure>9:47pm</departure> <to>Dhaka</to> <arrival>10:45pm</arrival> </item>
<item> <trainno>67</trainno>  <name>Chattala Express</name> <offday>Tuesday</offday> <from>Bimanbandar</from> <departure>3:18</departure> <to>Dhaka</to> <arrival>4:00pm</arrival> </item>

</channel>
</rss>