<?xml version="1.0"?>
<rss xmlns:dc="http://purl.org/dc/elements/1.1/" version="2.0">
<channel>
  <item>
    <trainno>763</trainno>
    <name>Chitra Express</name>
    <offday>Monday</offday>
    <from>Ishurdi</from>
    <departure>1:25pm</departure>
    <to>Dhaka</to>
    <arrival>6:30pm</arrival>
  </item>
 
  <item>
    <trainno>725</trainno>
    <name>Sundarban Express</name>
    <offday>Friday</offday>
    <from>Ishurdi</from>
    <departure>12:45am</departure>
    <to>Dhaka</to>
    <arrival>5:35am</arrival>
  </item>
  
  <item>
    <trainno>57</trainno>
    <name>Rajshahi Commuter</name>
    <offday>Friday</offday>
    <from>Ishurdi</from>
    <departure>7:00am</departure>
    <to>Rajshahi</to>
    <arrival>9:20am</arrival>
  </item>
 
  <item>
    <trainno>761</trainno>
    <name>Sagordari Express</name>
    <offday>Monday</offday>
    <from>Ishurdi</from>
    <departure>8:15pm</departure>
    <to>Rajshahi</to>
    <arrival>9:30pm</arrival>
  </item>
 
  <item>
    <trainno>715</trainno>
    <name>Kapotaksha Express</name>
    <offday>Wednesday</offday>
    <from>Ishurdi</from>
    <departure>11:50am</departure>
    <to>Rajshahi</to>
    <arrival>1:10pm</arrival>
  </item>
 
  <item>
    <trainno>716</trainno>
    <name>Kapotaksha Express</name>
    <offday>Wednesday</offday>
    <from>Ishurdi</from>
    <departure>3:25pm</departure>
    <to>Khulna</to>
    <arrival>8:35pm</arrival>
  </item>
  <item>
    <trainno>726</trainno>
    <name>Sundarban</name>
    <offday>Saturday</offday>
    <from>Ishurdi</from>
    <departure>11:30am</departure>
    <to>Khulna</to>
    <arrival>4:30pm</arrival>
  </item>
 
  <item>
    <trainno>727</trainno>
    <name>Rupsha Express</name>
    <offday>Thursday</offday>
    <from>Ishurdi</from>
    <departure>1:00pm</departure>
    <to>Saidpur</to>
    <arrival>5:20pm</arrival>
  </item>
 
  <item>
    <trainno>728</trainno>
    <name>Rupsha Express</name>
    <offday>Thursday</offday>
    <from>Ishurdi</from>
    <departure>12:30pm</departure>
    <to>Khulna</to>
    <arrival>5:15pm</arrival>
  </item>
 
  <item>
    <trainno>747</trainno>
    <name>Simanta Express</name>
    <offday>No</offday>
    <from>Ishurdi</from>
    <departure>1:15am</departure>
    <to>Saidpur</to>
    <arrival>5:45am</arrival>
  </item>
  
  <item>
    <trainno>748</trainno>
    <name>Simanta Express</name>
    <offday>No</offday>
    <from>Ishurdi</from>
    <departure>11:40pm</departure>
    <to>Khulna</to>
    <arrival>4:30am</arrival>
  </item>
 
  <item>
    <trainno>755</trainno>
    <name>Madhumati Express</name>
    <offday>Friday</offday>
    <from>Ishurdi</from>
    <departure>7:10pm</departure>
    <to>Rajshahi</to>
    <arrival>8:25pm</arrival>
  </item>
 
  <item>
    <trainno>756</trainno>
    <name>Madhumati Express</name>
    <offday>Friday</offday>
    <from>Ishurdi</from>
    <departure>8:40am</departure>
    <to>Goaland Ghat</to>
    <arrival>12:45pm</arrival>
  </item>
  
  <item>
    <trainno>762</trainno>
    <name>Sagardari Express</name>
    <offday>Monday</offday>
    <from>Ishurdi</from>
    <departure>8:15am</departure>
    <to>khulna</to>
    <arrival>1:30pm</arrival>
  </item>
 
  <item>
    <trainno>764</trainno>
    <name>Chitra Express</name>
    <offday>Monday</offday>
    <from>Ishurdi</from>
    <departure>12:05am</departure>
    <to>khulna</to>
    <arrival>5:10am</arrival>
  </item>
  
  <item>
    <trainno>5</trainno>
    <name>Rajshahi Express</name>
    <offday>No</offday>
    <from>Ishurdi</from>
    <departure>8:40pm</departure>
    <to>ChapaiNawabgonj</to>
    <arrival>1:00am</arrival>
  </item>
  
  <item>
    <trainno>6</trainno>
    <name>Rajshahi Express</name>
    <offday>No</offday>
    <from>Ishurdi</from>
    <departure>1:40pm</departure>
    <to>Sirajgonj Bazar</to>
    <arrival>5:30pm</arrival>
  </item>
  
  <item>
    <trainno>15</trainno>
    <name>Mohananda Express</name>
    <offday>No</offday>
    <from>Ishurdi</from>
    <departure>6:20pm</departure>
    <to>ChapaiNawabgonj</to>
    <arrival>10:30pm</arrival>
  </item>
 
  <item>
    <trainno>16</trainno>
    <name>Mohananda Express</name>
    <offday>No</offday>
    <from>Ishurdi</from>
    <departure>10:35am</departure>
    <to>Khulna</to>
    <arrival>6:30pm</arrival>
  </item>
 
  <item>
    <trainno>23</trainno>
    <name>Rocket Express</name>
    <offday>No</offday>
    <from>Ishurdi</from>
    <departure>4:30pm</departure>
    <to>Parbatipur</to>
    <arrival>10:10pm</arrival>
  </item>
  
  <item>
    <trainno>24</trainno>
    <name>Rocket Express</name>
    <offday>No</offday>
    <from>Ishurdi</from>
    <departure>6:00pm</departure>
    <to>Khulna</to>
    <arrival>12:15am</arrival>
  </item>
 
  


</channel>
</rss>