<?xml version="1.0"?>
<rss xmlns:dc="http://purl.org/dc/elements/1.1/" version="2.0">
<channel>
  <item>
    <trainno>754</trainno>
    <name>Silkcity Express</name>
    <offday>Sunday</offday>
    <from>Rajshahi</from>
    <departure>7:30am</departure>
    <to>Dhaka</to>
    <arrival>1:30pm</arrival>
  </item>
 
  <item>
    <trainno>716</trainno>
    <name>Kapotaksha Express</name>
    <offday>Wednesday</offday>
    <from>Rajshahi</from>
    <departure>2:00pm</departure>
    <to>Khulna</to>
    <arrival>8:35pm</arrival>
  </item>
 
  <item>
    <trainno>731</trainno>
    <name>Barendra Express</name>
    <offday>Sunday</offday>
    <from>Rajshahi</from>
    <departure>3:00pm</departure>
    <to>Nilphamari</to>
    <arrival>9:00pm</arrival>
  </item>
  
  <item>
    <trainno>733</trainno>
    <name>Titumir Express</name>
    <offday>Wednesday</offday>
    <from>Rajshahi</from>
    <departure>6:30am</departure>
    <to>Chilahati</to>
    <arrival>1:50pm</arrival>
  </item>
 
  <item>
    <trainno>756</trainno>
    <name>Madhumati Express</name>
    <offday>Friday</offday>
    <from>Rajshahi</from>
    <departure>7:10am</departure>
    <to>Goalando Ghat</to>
    <arrival>12:45pm</arrival>
  </item>
 
  <item>
    <trainno>770</trainno>
    <name>Dumkatu Express</name>
    <offday>Monday</offday>
    <from>Rajshahi</from>
    <departure>11:20pm</departure>
    <to>Dhaka</to>
    <arrival>4:50am</arrival>
  </item>
 
  <item>
    <trainno>762</trainno>
    <name>Sagordari Express</name>
    <offday>Monday</offday>
    <from>Rajshahi</from>
    <departure>6:50am</departure>
    <to>Khulna</to>
    <arrival>1:30pm</arrival>
  </item>
 
  <item>
    <trainno>760</trainno>
    <name>Padma Express</name>
    <offday>Tuesday</offday>
    <from>Rajshahi</from>
    <departure>4:00pm</departure>
    <to>Dhaka Cantt</to>
    <arrival>9:50pm</arrival>
  </item>
  
 
  
  <item>
    <trainno>31</trainno>
    <name>Uttara Express</name>
    <offday>No</offday>
    <from>Rajshahi</from>
    <departure>12:10pm</departure>
    <to>Parbatipur</to>
    <arrival>7:15pm</arrival>
  </item>
 
  <item>
    <trainno>58</trainno>
    <name>Rajshahi Commuter</name>
    <offday>Friday</offday>
    <from>Rajshahi</from>
    <departure>5:30pm</departure>
    <to>Ishurdi</to>
    <arrival>7:00pm</arrival>
  </item>
  
  <item>
    <trainno>16</trainno>
    <name>Mohananda Express</name>
    <offday>no</offday>
    <from>Rajshahi</from>
    <departure>8:20am</departure>
    <to>Khulna</to>
    <arrival>6:30pm</arrival>
  </item>
  
 


</channel>
</rss>