<?xml version="1.0"?>
<rss xmlns:dc="http://purl.org/dc/elements/1.1/" version="2.0">
<channel>
  <item>
    <trainno>763</trainno>
    <name>Chitra Express</name>
    <offday>Monday</offday>
    <from>Khulna</from>
    <departure>8:30am</departure>
    <to>Dhaka</to>
    <arrival>6:30pm</arrival>
  </item>
  
  <item>
    <trainno>761</trainno>
    <name>Sagordari Express</name>
    <offday>Monday</offday>
    <from>Khulna</from>
    <departure>3:00pm</departure>
    <to>Rajshahi</to>
    <arrival>9:30pm</arrival>
  </item>
  
  <item>
    <trainno>725</trainno>
    <name>Sundarban Express</name>
    <offday>Friday</offday>
    <from>Khulna</from>
    <departure>8:00pm</departure>
    <to>Dhaka</to>
    <arrival>5:35pm</arrival>
  </item>
 
  <item>
    <trainno>715</trainno>
    <name>Kapotaksha Express</name>
    <offday>Wednesday</offday>
    <from>Khulna</from>
    <departure>6:30am</departure>
    <to>Rajshahi</to>
    <arrival>1:10pm</arrival>
  </item>
 
  <item>
    <trainno>727</trainno>
    <name>Rupsha Express</name>
    <offday>Thursday</offday>
    <from>Khulna</from>
    <departure>7:50am</departure>
    <to>Saidpur</to>
    <arrival>5:20pm</arrival>
  </item>

  <item>
    <trainno>747</trainno>
    <name>Simanta Express</name>
    <offday>No</offday>
    <from>Khulna</from>
    <departure>8:45pm</departure>
    <to>Saidpur</to>
    <arrival>5:45am</arrival>
  </item>
  
  <item>
    <trainno>15</trainno>
    <name>Mohananda Express</name>
    <offday>No</offday>
    <from>Khulna</from>
    <departure>11:10am</departure>
    <to>Chapainawabgonj</to>
    <arrival>10:30am</arrival>
  </item>
  
  <item>
    <trainno>23</trainno>
    <name>Rocket Express</name>
    <offday>No</offday>
    <from>Khulna</from>
    <departure>9:30am</departure>
    <to>Parbatipur</to>
    <arrival>10:10pm</arrival>
  </item>
  
  <item>
    <trainno>25</trainno>
    <name>Nokshikantha Express</name>
    <offday>No</offday>
    <from>Khulna</from>
    <departure>2:00am</departure>
    <to>Goaland Ghat</to>
    <arrival>11:00am</arrival>
  </item>
  
  <item>
    <trainno>53</trainno>
    <name>Benapol Commuter</name>
    <offday>No</offday>
    <from>Khulna</from>
    <departure>7:10am</departure>
    <to>Benapol</to>
    <arrival>9:50am</arrival>
  </item>
  
</channel>
</rss>