<?xml version="1.0"?>
<rss xmlns:dc="http://purl.org/dc/elements/1.1/" version="2.0">
<channel>
  <item>
    <trainno>763</trainno>
    <name>Chitra Express</name>
    <offday>Monday</offday>
    <from>Jessore</from>
    <departure>10:00am</departure>
    <to>Dhaka</to>
    <arrival>6:30pm</arrival>
  </item>
  
  <item>
    <trainno>761</trainno>
    <name>Sagordari Express</name>
    <offday>Monday</offday>
    <from>Jessore</from>
    <departure>4:39pm</departure>
    <to>Rajshahi</to>
    <arrival>9:30pm</arrival>
  </item>
 
  <item>
    <trainno>725</trainno>
    <name>Sundarban Express</name>
    <offday>Friday</offday>
    <from>Jessore</from>
    <departure>9:29pm</departure>
    <to>Dhaka</to>
    <arrival>5:35pm</arrival>
  </item>
  
  <item>
    <trainno>715</trainno>
    <name>Kapotaksha Express</name>
    <offday>Wednesday</offday>
    <from>Jessore</from>
    <departure>7:54am</departure>
    <to>Rajshahi</to>
    <arrival>1:10pm</arrival>
  </item>
  
  <item>
    <trainno>727</trainno>
    <name>Rupsha Express</name>
    <offday>Thursday</offday>
    <from>Jessore</from>
    <departure>9:14am</departure>
    <to>Saidpur</to>
    <arrival>5:20pm</arrival>
  </item>
  
  <item>
    <trainno>747</trainno>
    <name>Simanta Express</name>
    <offday>No</offday>
    <from>Jessore</from>
    <departure>10:09pm</departure>
    <to>Saidpur</to>
    <arrival>5:45am</arrival>
  </item>
  
  <item>
    <trainno>762</trainno>
    <name>Sagordari Express</name>
    <offday>Monday</offday>
    <from>Jessore</from>
    <departure>11:55am</departure>
    <to>Khulna</to>
    <arrival>1:30pm</arrival>
  </item>
  
  <item>
    <trainno>716</trainno>
    <name>Kapotaksha Express</name>
    <offday>Wednesday</offday>
    <from>Jessore</from>
    <departure>7:00pm</departure>
    <to>Khulna</to>
    <arrival>8:35pm</arrival>
  </item>
 
  <item>
    <trainno>728</trainno>
    <name>Rupsha Express</name>
    <offday>Thursday</offday>
    <from>Jessore</from>
    <departure>3:50pm</departure>
    <to>Khulna</to>
    <arrival>5:15pm</arrival>
  </item>
 
  <item>
    <trainno>748</trainno>
    <name>Simanta Express</name>
    <offday>No</offday>
    <from>Jessore</from>
    <departure>2:49am</departure>
    <to>Khulna</to>
    <arrival>4:30am</arrival>
  </item>
  
  <item>
    <trainno>726</trainno>
    <name>Sundarban Express</name>
    <offday>Saturday</offday>
    <from>Jessore</from>
    <departure>2:44pm</departure>
    <to>Khulna</to>
    <arrival>4:30pm</arrival>
  </item>
 
  <item>
    <trainno>764</trainno>
    <name>Chitra Express</name>
    <offday>Monday</offday>
    <from>Jessore</from>
    <departure>3:35am</departure>
    <to>Khulna</to>
    <arrival>4:30am</arrival>
  </item>
  
  <item>
    <trainno>15</trainno>
    <name>Mohananda Exp</name>
    <offday>No</offday>
    <from>Jessore</from>
    <departure>1:20pm</departure>
    <to>ChapaiNawabgonj</to>
    <arrival>10:30pm</arrival>
  </item>
  
  <item>
    <trainno>23</trainno>
    <name>Rocket Express</name>
    <offday>No</offday>
    <from>Jessore</from>
    <departure>11:05am</departure>
    <to>Parbatipur</to>
    <arrival>10:10pm</arrival>
  </item>
  
  <item>
    <trainno>25</trainno>
    <name>Nokshikantha Exp</name>
    <offday>No</offday>
    <from>Jessore</from>
    <departure>3:45am</departure>
    <to>Goaland Ghat</to>
    <arrival>11:00am</arrival>
  </item>
  
  <item>
    <trainno>53</trainno>
    <name>Benapol Commuter</name>
    <offday>No</offday>
    <from>Jessore</from>
    <departure>8:45am</departure>
    <to>Benapol</to>
    <arrival>9:50am</arrival>
  </item>
  
  <item>
    <trainno>16</trainno>
    <name>Mohananda Exp</name>
    <offday>No</offday>
    <from>Jessore</from>
    <departure>4:40pm</departure>
    <to>Khulna</to>
    <arrival>6:30pm</arrival>
  </item>
 
  <item>
    <trainno>24</trainno>
    <name>Rocket Express</name>
    <offday>No</offday>
    <from>Jessore</from>
    <departure>10:40pm</departure>
    <to>Khulna</to>
    <arrival>12:15am</arrival>
  </item>
 
  <item>
    <trainno>26</trainno>
    <name>Nokshikantha Exp</name>
    <offday>No</offday>
    <from>Jessore</from>
    <departure>8:10pm</departure>
    <to>Khulna</to>
    <arrival>10:15pm</arrival>
  </item>
  
  <item>
    <trainno>54</trainno>
    <name>Benapol Commuter</name>
    <offday>No</offday>
    <from>Jessore</from>
    <departure>1:55pm</departure>
    <to>Khulna</to>
    <arrival>3:40pm</arrival>
  </item>
  

</channel>
</rss>