<?xml version="1.0"?>
<rss xmlns:dc="http://purl.org/dc/elements/1.1/" version="2.0">
<channel>
  <item>
    <trainno>705</trainno>
    <name>Ekota Express </name>
    <offday>Tuesday </offday>
    <from>Sadanandapur </from>
    <departure>12:46</departure>
    <to>Dinajpur </to>
    <arrival>18:50</arrival>
  </item>
  <item>
    <trainno>725</trainno>
    <name>Sundarban Nishitha </name>
    <offday>Wednesday </offday>
    <from>Sadanandapur </from>
    <departure>2:45</departure>
    <to>Dhaka cantt </to>
    <arrival>5:50</arrival>
  </item>
  <item>
    <trainno>726</trainno>
    <name>Sundarban Provati</name>
    <offday>Thursday </offday>
    <from>Sadanandapur </from>
    <departure>10:02</departure>
    <to>Khulna</to>
    <arrival>17:00</arrival>
  </item>
  <item>
    <trainno>751</trainno>
    <name>Lalmoni Exp </name>
    <offday>Friday</offday>
    <from>Sadanandapur </from>
    <departure>00:40</departure>
    <to>Lalmonirhat </to>
    <arrival>7:20</arrival>
  </item>
  <item>
    <trainno>752</trainno>
    <name>Lalmoni Exp </name>
    <offday>Friday </offday>
    <from>Sadanandapur </from>
    <departure>16:49</departure>
    <to>Dhaka</to>
    <arrival>20:25</arrival>
  </item>
  <item>
    <trainno>753</trainno>
    <name>Silkcity Express </name>
    <offday>Sunday </offday>
    <from>Sadanandapur </from>
    <departure>18:05</departure>
    <to>Rajshahi </to>
    <arrival>20:50</arrival>
  </item>
  <item>
    <trainno>754</trainno>
    <name>Silkcity Express </name>
    <offday>Sunday </offday>
    <from>Sadanandapur </from>
    <departure>9:44</departure>
    <to>Dhaka Cantt </to>
    <arrival>13:00</arrival>
  </item>
  <item>
    <trainno>759</trainno>
    <name>Padma Express </name>
    <offday>Tuesday </offday>
    <from>Sadanandapur </from>
    <departure>3:07</departure>
    <to>Rajshahi </to>
    <arrival>5:35</arrival>
  </item>
  <item>
    <trainno>760</trainno>
    <name>Padma Express </name>
    <offday>Tuesday </offday>
    <from>Sadanandapur </from>
    <departure>18:26</departure>
    <to>Dhaka Cantt</to>
    <arrival>21:35</arrival>
  </item>
  <item>
    <trainno>763</trainno>
    <name>Sundarban Provati </name>
    <offday>Monday </offday>
    <from>Sadanandapur </from>
    <departure>15:01</departure>
    <to>Dhaka Cantt</to>
    <arrival>18:30</arrival>
  </item>
  <item>
    <trainno>764</trainno>
    <name>Subdarban Nishitha </name>
    <offday>Monday </offday>
    <from>Sadanandapur </from>
    <departure>22:36</departure>
    <to>Khulna</to>
    <arrival>5:15</arrival>
  </item>
  <item>
    <trainno>5</trainno>
    <name>Rajshahi Express </name>
    <offday>No </offday>
    <from>Sirajgonj Bazar </from>
    <departure>13:10</departure>
    <to>Chapai N-gonj </to>
    <arrival>22:15</arrival>
  </item>
 

</channel>
</rss>