<?xml version="1.0"?>
<rss xmlns:dc="http://purl.org/dc/elements/1.1/" version="2.0">
<channel>
  <item>
    <trainno>772</trainno>
    <name>Rangpur Express</name>
    <offday>Sunday</offday>
    <from>Rangpur</from>
    <departure>8:00pm</departure>
    <to>Dhaka</to>
    <arrival>6:35am</arrival>
  </item>
  
  <item>
    <trainno>767</trainno>
    <name>Dolonchapa Express</name>
    <offday>NO</offday>
    <from>Rangpur</from>
    <departure>6:05pm</departure>
    <to>Dinajpur</to>
    <arrival>8:20pm</arrival>
  </item>
 
  <item>
    <trainno>768</trainno>
    <name>Dolonchapa Express</name>
    <offday>NO</offday>
    <from>Rangpur</from>
    <departure>8:25am</departure>
    <to>Santahar</to>
    <arrival>12:30pm</arrival>
  </item>
 
  <item>
    <trainno>7</trainno>
    <name>Uttarbanga Mail</name>
    <offday>No</offday>
    <from>Rangpur</from>
    <departure>3:45pm</departure>
    <to>Thakorgone</to>
    <arrival>8:59pm</arrival>
  </item>
 
  <item>
    <trainno>8</trainno>
    <name>Uttarbanga Mail</name>
    <offday>No</offday>
    <from>Rangpur</from>
    <departure>3:50pm</departure>
    <to>Shantahar</to>
    <arrival>10:30pm</arrival>
  </item>
 
  <item>
    <trainno>61</trainno>
    <name>Dinajpur Commuter</name>
    <offday>No</offday>
    <from>Rangpur</from>
    <departure>7:45am</departure>
    <to>Birol</to>
    <arrival>10:20am</arrival>
  </item>
 
  <item>
    <trainno>62</trainno>
    <name>Dinajpur Commuter</name>
    <offday>No</offday>
    <from>Rangpur</from>
    <departure>1:00pm</departure>
    <to>Lalmonorhat</to>
    <arrival>2:00pm</arrival>
  </item>
  
  <item>
    <trainno>64</trainno>
    <name>Lalmoni Commuter</name>
    <offday>no</offday>
    <from>Rangpur</from>
    <departure>6:20am</departure>
    <to>Lalmonirhat</to>
    <arrival>7:40am</arrival>
  </item>
 
  <item>
    <trainno>70</trainno>
    <name>Parbotipur Commuter</name>
    <offday>no</offday>
    <from>Rangpur</from>
    <departure>7:40pm</departure>
    <to>Lalmonirhat</to>
    <arrival>8:40pm</arrival>
  </item>
 
  <item>
    <trainno>748</trainno>
    <name>Simanta Express</name>
    <offday>No</offday>
    <from>Joypurhat</from>
    <departure>8:59pm</departure>
    <to>Khulna</to>
    <arrival>4:30am</arrival>
  </item>
 
  <item>
    <trainno>757</trainno>
    <name>Drutajan Express</name>
    <offday>Wednesday</offday>
    <from>Joypurhat</from>
    <departure>2:34am</departure>
    <to>Dinajpur</to>
    <arrival>5:10am</arrival>
  </item>
 
  <item>
    <trainno>758</trainno>
    <name>Drutajan Express</name>
    <offday>Wednesday</offday>
    <from>Joypurhat</from>
    <departure>10:21am</departure>
    <to>Dhaka</to>
    <arrival>5:55pm</arrival>
  </item>
 
  <item>
    <trainno>23</trainno>
    <name>Rocket Exp</name>
    <offday>No</offday>
    <from>Joypurhat</from>
    <departure>8:18pm</departure>
    <to>Parbatipur</to>
    <arrival>10:10pm</arrival>
  </item>
 
  <item>
    <trainno>24</trainno>
    <name>Rocket Exp</name>
    <offday>No</offday>
    <from>Joypurhat</from>
    <departure>11:55am</departure>
    <to>Khulna</to>
    <arrival>12:15am</arrival>
  </item>
 
  <item>
    <trainno>31</trainno>
    <name>Uttara Express</name>
    <offday>No</offday>
    <from>Joypurhat</from>
    <departure>5:43pm</departure>
    <to>Parbatipur</to>
    <arrival>7:15pm</arrival>
  </item>
 
  <item>
    <trainno>32</trainno>
    <name>Uttara Express</name>
    <offday>No</offday>
    <from>Joypurhat</from>
    <departure>5:12am</departure>
    <to>Rajshahi</to>
    <arrival>10:25am</arrival>
  </item>
 
  

</channel>
</rss>