<?xml version="1.0"?>
<rss xmlns:dc="http://purl.org/dc/elements/1.1/" version="2.0">
<channel>

  <item>
    <trainno>768</trainno>
    <name>Dolonchapa Express</name>
    <offday>NO</offday>
    <from>Dinajpur</from>
    <departure>6:10am</departure>
    <to>Santahar</to>
    <arrival>12:30pm</arrival>
  </item>
 
  <item>
    <trainno>758</trainno>
    <name>Drutajan Express</name>
    <offday>Wednesday</offday>
    <from>Dinajpur</from>
    <departure>8:10am</departure>
    <to>Dhaka</to>
    <arrival>5:55pm</arrival>
  </item>
  
  <item>
    <trainno>706</trainno>
    <name>Ekota Express</name>
    <offday>Monday</offday>
    <from>Dinajpur</from>
    <departure>9:50pm</departure>
    <to>Dhaka</to>
    <arrival>7:40am</arrival>
  </item>
 
  <item>
    <trainno>8</trainno>
    <name>Uttarbonga Mail</name>
    <offday>No</offday>
    <from>Dinajpur</from>
    <departure>1:00pm</departure>
    <to>Bonarpara</to>
    <arrival>8:30pm</arrival>
  </item>
 
  <item>
    <trainno>41</trainno>
    <name>Kanchan Express</name>
    <offday>No</offday>
    <from>Dinajpur</from>
    <departure>7:55am</departure>
    <to>Thakurgaon Road</to>
    <arrival>10:30am</arrival>
  </item>
 
  <item>
    <trainno>42</trainno>
    <name>Kanchan Express</name>
    <offday>No</offday>
    <from>Dinajpur</from>
    <departure>1:50pm</departure>
    <to>Parbatipur</to>
    <arrival>2:40pm</arrival>
  </item>
 
  <item>
    <trainno>62</trainno>
    <name>Dinajpur Comuter</name>
    <offday>NO</offday>
    <from>Dinajpur</from>
    <departure>11:00am</departure>
    <to>Lalmonirhat</to>
    <arrival>2:00pm</arrival>
  </item>
  
</channel>
</rss>