<?xml version="1.0"?>
<rss xmlns:dc="http://purl.org/dc/elements/1.1/" version="2.0">
<channel>
<item> <trainno>767</trainno>  <name>Dulonchapa Express</name> <offday>no</offday> <from>Santahar</from> <departure>1:30pm</departure> <to>Dinajpur</to> <arrival>8:20pm</arrival> </item>

<item> <trainno>772</trainno>  <name>Rangpur Express</name> <offday>Sunday</offday> <from>Santahar</from> <departure>11:55pm</departure> <to>Dhaka</to> <arrival>6:35am</arrival> </item>

<item> <trainno>705</trainno>  <name>Ekota Express</name> <offday>Tuesday</offday> <from>Santahar</from> <departure>4:10pm</departure> <to>Dinajpur</to> <arrival>7:20pm</arrival> </item>

<item> <trainno>706</trainno>  <name>Ekota Express</name> <offday>Monday</offday> <from>Santahar</from> <departure>12:45am</departure> <to>Dhaka</to> <arrival>7:40am</arrival> </item>

<item> <trainno>713</trainno>  <name>Karotoa Express</name> <offday>No</offday> <from>Santahar</from> <departure>4:15pm</departure> <to>Lalmonirhat</to> <arrival>8:10pm</arrival> </item>

<item> <trainno>727</trainno>  <name>Rupsha Express</name> <offday>Thursday</offday> <from>Santahar</from> <departure>2:35pm</departure> <to>Saidpur</to> <arrival>5:20pm</arrival> </item>

<item> <trainno>728</trainno>  <name>Rupsha Express</name> <offday>Thursday</offday> <from>Santahar</from> <departure>10:20am</departure> <to>Khulna</to> <arrival>5:15pm</arrival> </item>

<item> <trainno>731</trainno>  <name>Barandra Express</name> <offday>Sunday</offday> <from>Santahar</from> <departure>5:35pm</departure> <to>Nilphamari</to> <arrival>9:00pm</arrival> </item>

<item> <trainno>732</trainno>  <name>Barandra Express</name> <offday>Sunday</offday> <from>Santahar</from> <departure>9:15am</departure> <to>Rajshahi</to> <arrival>11:40am</arrival> </item>

<item> <trainno>733</trainno>  <name>Titumir Express</name> <offday>Wednesday</offday> <from>Santahar</from> <departure>9:15am</departure> <to>Chilahati</to> <arrival>1:50pm</arrival> </item>

<item> <trainno>734</trainno>  <name>Titumir Express</name> <offday>Wednesday</offday> <from>Santahar</from> <departure>7:10pm</departure> <to>Rajshahi</to> <arrival>9:50pm</arrival> </item>

<item> <trainno>747</trainno>  <name>Simanta Express</name> <offday>No</offday> <from>Santahar</from> <departure>3:00am</departure> <to>Saidpur</to> <arrival>5:45am</arrival> </item>

<item> <trainno>748</trainno>  <name>Simanta Express</name> <offday>No</offday> <from>Santahar</from> <departure>9:45pm</departure> <to>Khulna</to> <arrival>4:30am</arrival> </item>

<item> <trainno>751</trainno>  <name>Lalmoni Express</name> <offday>Friday</offday> <from>Santahar</from> <departure>4:35am</departure> <to>Lalmonirhat</to> <arrival>8:20am</arrival> </item>

<item> <trainno>752</trainno>  <name>Lalmoni Express</name> <offday>Friday</offday> <from>Santahar</from> <departure>2:30pm</departure> <to>Dhaka</to> <arrival>9:05pm</arrival> </item>

<item> <trainno>757</trainno>  <name>Drutajan Express</name> <offday>Wednesday</offday> <from>Santahar</from> <departure>1:50am</departure> <to>Dinajpur</to> <arrival>5:10am</arrival> </item>

<item> <trainno>758</trainno>  <name>Drutajan Express</name> <offday>Wednesday</offday> <from>Santahar</from> <departure>11:15am</departure> <to>Dhaka</to> <arrival>5:55pm</arrival> </item>

<item> <trainno>765</trainno>  <name>Nilshagar</name> <offday>Monday</offday> <from>Santahar</from> <departure>2:05pm</departure> <to>Nilphamari</to> <arrival>5:30pm</arrival> </item>

<item> <trainno>766</trainno>  <name>Nilshagar</name> <offday>Sunday</offday> <from>Santahar</from> <departure>1:50am</departure> <to>Dhaka Cantt</to> <arrival>7:45am</arrival> </item>

<item> <trainno>19</trainno>  <name>Bogra Express</name> <offday>No</offday> <from>Santahar</from> <departure>4:00pm</departure> <to>Lalmonirhat</to> <arrival>10:50pm</arrival> </item>

<item> <trainno>21</trainno>  <name>Padmaragh Express</name> <offday>No</offday> <from>Santahar</from> <departure>6:20am</departure> <to>Lalmonirhat</to> <arrival>12:30pm</arrival> </item>

<item> <trainno>23</trainno>  <name>Rocket Express</name> <offday>No</offday> <from>Santahar</from> <departure>7:15pm</departure> <to>Parbatipur</to> <arrival>10:10pm</arrival> </item>

<item> <trainno>24</trainno>  <name>Rocket Express</name> <offday>No</offday> <from>Santahar</from> <departure>1:00pm</departure> <to>Khulna</to> <arrival>12:15am</arrival> </item>

<item> <trainno>32</trainno>  <name>Uttara Express</name> <offday>No</offday> <from>Santahar</from> <departure>6:20am</departure> <to>Rajshahi</to> <arrival>10:25am</arrival> </item>

<item> <trainno>31</trainno>  <name>Uttara Express</name> <offday>No</offday> <from>Santahar</from> <departure>4:45pm</departure> <to>Parbotipur</to> <arrival>7:15pm</arrival> </item>













</channel>
</rss>