<?xml version="1.0"?>
<rss xmlns:dc="http://purl.org/dc/elements/1.1/" version="2.0">
<channel>
  <item>
    <trainno>765</trainno>
    <name>Nilshagar Express</name>
    <offday>Monday</offday>
    <from>Natore</from>
    <departure>1:03pm</departure>
    <to>Nilphamari</to>
    <arrival>5:30pm</arrival>
  </item>
  
  <item>
    <trainno>766</trainno>
    <name>Nilshagar Express</name>
    <offday>Sunday</offday>
    <from>Natore</from>
    <departure>2:58am</departure>
    <to>Dhaka Cant.</to>
    <arrival>7:45am</arrival>
  </item>
  
  <item>
    <trainno>772</trainno>
    <name>Rangpur Express</name>
    <offday>Sunday</offday>
    <from>Natore</from>
    <departure>12:54am</departure>
    <to>Dhaka</to>
    <arrival>6:35am</arrival>
  </item>
 
  <item>
    <trainno>705</trainno>
    <name>Ekota Express</name>
    <offday>Tuesday</offday>
    <from>Natore</from>
    <departure>3:00pm</departure>
    <to>Dinajpur</to>
    <arrival>7:20pm</arrival>
  </item>
 
  <item>
    <trainno>706</trainno>
    <name>Ekota Express</name>
    <offday>Monday</offday>
    <from>Natore</from>
    <departure>2:00am</departure>
    <to>Dhaka</to>
    <arrival>7:40am</arrival>
  </item>
  
  <item>
    <trainno>727</trainno>
    <name>Rupsha Express</name>
    <offday>Thursday</offday>
    <from>Natore</from>
    <departure>1:38pm</departure>
    <to>Saidpur</to>
    <arrival>5:20pm</arrival>
  </item>
  
  <item>
    <trainno>728</trainno>
    <name>Rupsha Express</name>
    <offday>Thursday</offday>
    <from>Natore</from>
    <departure>11:17am</departure>
    <to>Khulna</to>
    <arrival>5:15pm</arrival>
  </item>
  
  <item>
    <trainno>731</trainno>
    <name>Barendra Express</name>
    <offday>Sunday</offday>
    <from>Natore</from>
    <departure>4:34pm</departure>
    <to>Nilphamari</to>
    <arrival>9:00pm</arrival>
  </item>
  
  <item>
    <trainno>732</trainno>
    <name>Barendra Express</name>
    <offday>Sunday</offday>
    <from>Natore</from>
    <departure>10:10am</departure>
    <to>Rajshahi</to>
    <arrival>11:40am</arrival>
  </item>
 
  <item>
    <trainno>733</trainno>
    <name>Titumir Express</name>
    <offday>Wednesday</offday>
    <from>Natore</from>
    <departure>8:05am</departure>
    <to>Chilahati</to>
    <arrival>1:50pm</arrival>
  </item>
 
  <item>
    <trainno>734</trainno>
    <name>Titumir Express</name>
    <offday>Wednesday</offday>
    <from>Natore</from>
    <departure>8:12pm</departure>
    <to>Rajshahi</to>
    <arrival>9:50pm</arrival>
  </item>
  
  <item>
    <trainno>747</trainno>
    <name>Simanta Express</name>
    <offday>No</offday>
    <from>Natore</from>
    <departure>1:59am</departure>
    <to>Saidpur</to>
    <arrival>5:45am</arrival>
  </item>
  
  <item>
    <trainno>748</trainno>
    <name>Simanta Express</name>
    <offday>No</offday>
    <from>Natore</from>
    <departure>10:36pm</departure>
    <to>Khulna</to>
    <arrival>4:30am</arrival>
  </item>
 
  <item>
    <trainno>751</trainno>
    <name>Lalmoni Express</name>
    <offday>Friday</offday>
    <from>Natore</from>
    <departure>3:41am</departure>
    <to>Lalmonirhat</to>
    <arrival>8:20am</arrival>
  </item>
  
  <item>
    <trainno>752</trainno>
    <name>Lalmoni Express</name>
    <offday>Friday</offday>
    <from>Natore</from>
    <departure>3:26pm</departure>
    <to>Dhaka</to>
    <arrival>9:05pm</arrival>
  </item>
  
  <item>
    <trainno>757</trainno>
    <name>Drutajan Express</name>
    <offday>Wednesday</offday>
    <from>Natore</from>
    <departure>12:52am</departure>
    <to>Dinajpur</to>
    <arrival>5:10am</arrival>
  </item>
  
  <item>
    <trainno>758</trainno>
    <name>Drutajan Express</name>
    <offday>Wednesday</offday>
    <from>Natore</from>
    <departure>12:11pm</departure>
    <to>Dhaka</to>
    <arrival>5:55pm</arrival>
  </item>
 
  <item>
    <trainno>23</trainno>
    <name>Rocket Express</name>
    <offday>No</offday>
    <from>Natore</from>
    <departure>5:37pm</departure>
    <to>Parbatipur</to>
    <arrival>10:10pm</arrival>
  </item>
  
  <item>
    <trainno>24</trainno>
    <name>Rocket Express</name>
    <offday>No</offday>
    <from>Natore</from>
    <departure>4:35pm</departure>
    <to>Khulna</to>
    <arrival>12:15am</arrival>
  </item>
  
  <item>
    <trainno>31</trainno>
    <name>Uttara Express</name>
    <offday>No</offday>
    <from>Natore</from>
    <departure>2:27pm</departure>
    <to>Parbatipur</to>
    <arrival>7:15pm</arrival>
  </item>
  
  <item>
    <trainno>32</trainno>
    <name>Uttara Express</name>
    <offday>No</offday>
    <from>Natore</from>
    <departure>8:05am</departure>
    <to>Rajshahi</to>
    <arrival>10:25am</arrival>
  </item>
 
 
</channel>
</rss>