<?xml version="1.0"?>
<rss xmlns:dc="http://purl.org/dc/elements/1.1/" version="2.0">
<channel>
  <item>
    <trainno>763</trainno>
    <name>Chitra Express</name>
    <offday>Monday</offday>
    <from>Chuadanga</from>
    <departure>11:35am</departure>
    <to>Dhaka</to>
    <arrival>6:30pm</arrival>
  </item>
 
  <item>
    <trainno>761</trainno>
    <name>Sagordari Express</name>
    <offday>Monday</offday>
    <from>Chuadanga</from>
    <departure>6:21pm</departure>
    <to>Rajshahi</to>
    <arrival>09:30pm</arrival>
  </item>
 
  <item>
    <trainno>764</trainno>
    <name>Chitra Express</name>
    <offday>Monday</offday>
    <from>Chuadanga</from>
    <departure>1:40pm</departure>
    <to>Khulna</to>
    <arrival>5:10pm</arrival>
  </item>
  
  <item>
    <trainno>725</trainno>
    <name>Sundarban Express</name>
    <offday>Friday</offday>
    <from>Chuadanga</from>
    <departure>11:03pm</departure>
    <to>Dhaka</to>
    <arrival>5:35pm</arrival>
  </item>
 
  <item>
    <trainno>715</trainno>
    <name>Kapotaksha Exp </name>
    <offday>Wednesday</offday>
    <from>Chuadanga</from>
    <departure>9:37am</departure>
    <to>Rajshahi </to>
    <arrival>1:10pm</arrival>
  </item>
 
  <item>
    <trainno>716</trainno>
    <name>Kapotaksha Exp </name>
    <offday>Wednesday</offday>
    <from>Chuadanga</from>
    <departure>5:02pm</departure>
    <to>Khulna </to>
    <arrival>10:35pm</arrival>
  </item>
  
  <item>
    <trainno>726</trainno>
    <name>Sundarban Exp </name>
    <offday>Saturday</offday>
    <from>Chuadanga</from>
    <departure>1:00pm</departure>
    <to>Khulna</to>
    <arrival>4:30pm</arrival>
  </item>
  
  <item>
    <trainno>727</trainno>
    <name>Rupsha Express </name>
    <offday>Thursday</offday>
    <from>Chuadanga</from>
    <departure>11:05am</departure>
    <to>Saidpur </to>
    <arrival>5:20pm</arrival>
  </item>
  
  <item>
    <trainno>728</trainno>
    <name>Rupsha Express </name>
    <offday>Thursday</offday>
    <from>Chuadanga</from>
    <departure>2:04pm</departure>
    <to>Khulna </to>
    <arrival>5:15pm</arrival>
  </item>
 
  <item>
    <trainno>747</trainno>
    <name>Simanta Express </name>
    <offday>No</offday>
    <from>Chuadanga</from>
    <departure>11:43pm</departure>
    <to>Saidpur </to>
    <arrival>5:45am</arrival>
  </item>
  
  <item>
    <trainno>748</trainno>
    <name>Simanta Express </name>
    <offday>No</offday>
    <from>Chuadanga</from>
    <departure>1:04am</departure>
    <to>Khulna </to>
    <arrival>4:30am</arrival>
  </item>
  
  <item>
    <trainno>762</trainno>
    <name>Sagordari Express</name>
    <offday>Monday</offday>
    <from>Chuadanga</from>
    <departure>9:48am</departure>
    <to>Khulna</to>
    <arrival>1:30pm</arrival>
  </item>
  
  <item>
    <trainno>15</trainno>
    <name>Mohananda Exp </name>
    <offday>No</offday>
    <from>Chuadanga</from>
    <departure>3:57pm</departure>
    <to>ChapaiNawabgonj</to>
    <arrival>10:30pm</arrival>
  </item>
  
  <item>
    <trainno>16</trainno>
    <name>Mohananda Exp </name>
    <offday>No</offday>
    <from>Chuadanga</from>
    <departure>12:29pm</departure>
    <to>Khulna </to>
    <arrival>6:30pm</arrival>
  </item>
  
  <item>
    <trainno>23</trainno>
    <name>Rocket Express</name>
    <offday>No</offday>
    <from>Chuadanga</from>
    <departure>2:12pm</departure>
    <to>Parbatipur </to>
    <arrival>10:10pm</arrival>
  </item>
  
  <item>
    <trainno>24</trainno>
    <name>Rocket Express</name>
    <offday>No</offday>
    <from>Chuadanga</from>
    <departure>7:54pm</departure>
    <to>Khulna </to>
    <arrival>12:15am</arrival>
  </item>
  
  <item>
    <trainno>25</trainno>
    <name>Nakshikantha Exp</name>
    <offday>No</offday>
    <from>Chuadanga</from>
    <departure>6:01am</departure>
    <to>Goalanda Ghat</to>
    <arrival>11:00am</arrival>
  </item>
  
  <item>
    <trainno>26</trainno>
    <name>Nakshikantha Exp</name>
    <offday>No</offday>
    <from>Chuadanga</from>
    <departure>5:41pm</departure>
    <to>Khulna</to>
    <arrival>8:35pm</arrival>
  </item>
 
  
</channel>
</rss>