<?xml version="1.0"?>
<rss xmlns:dc="http://purl.org/dc/elements/1.1/" version="2.0">
<channel>
 
 
  <item>
    <trainno>765</trainno>
    <name>Nilshagar Express</name>
    <offday>Monday</offday>
    <from>Joypurhat</from>
    <departure>2:48pm</departure>
    <to>Nilphamari</to>
    <arrival>5:30pm</arrival>
  </item>
 
  <item>
    <trainno>766</trainno>
    <name>Nilshagar Express</name>
    <offday>Sunday</offday>
    <from>Joypurhat</from>
    <departure>1:07am</departure>
    <to>Dhaka Cant.</to>
    <arrival>7:45am</arrival>
  </item>
 
  <item>
    <trainno>705</trainno>
    <name>Ekota Express</name>
    <offday>Tuesday</offday>
    <from>Joypurhat</from>
    <departure>4:53pm</departure>
    <to>Dinajpur</to>
    <arrival>7:20pm</arrival>
  </item>
  
  <item>
    <trainno>706</trainno>
    <name>Ekota Express</name>
    <offday>Monday</offday>
    <from>Joypurhat</from>
    <departure>12:00am</departure>
    <to>Dhaka</to>
    <arrival>7:40am</arrival>
  </item>
 
  <item>
    <trainno>727</trainno>
    <name>Rupsha Express</name>
    <offday>Thursday</offday>
    <from>Joypurhat</from>
    <departure>3:18pm</departure>
    <to>Saidpur</to>
    <arrival>5:20pm</arrival>
  </item>
 
  <item>
    <trainno>728</trainno>
    <name>Rupsha Express</name>
    <offday>Thursday</offday>
    <from>Joypurhat</from>
    <departure>9:28am</departure>
    <to>Khulna</to>
    <arrival>5:15pm</arrival>
  </item>
 
  <item>
    <trainno>731</trainno>
    <name>Barandra Express</name>
    <offday>Sunday</offday>
    <from>Joypurhat</from>
    <departure>6:19pm</departure>
    <to>Nilphamari</to>
    <arrival>9:00pm</arrival>
  </item>
 
  <item>
    <trainno>732</trainno>
    <name>Barandra Express</name>
    <offday>Sunday</offday>
    <from>Joypurhat</from>
    <departure>8:26am</departure>
    <to>Rajshahi</to>
    <arrival>11:40am</arrival>
  </item>
 
  <item>
    <trainno>733</trainno>
    <name>Titumir Express</name>
    <offday>Wednesday</offday>
    <from>Joypurhat</from>
    <departure>10:23am</departure>
    <to>Chilahati</to>
    <arrival>1:50pm</arrival>
  </item>
  
  <item>
    <trainno>734</trainno>
    <name>Titumir Express</name>
    <offday>Wednesday</offday>
    <from>Joypurhat</from>
    <departure>6:20pm</departure>
    <to>Rajshahi</to>
    <arrival>9:50pm</arrival>
  </item>
  
  <item>
    <trainno>747</trainno>
    <name>Simanta Express</name>
    <offday>No</offday>
    <from>Joypurhat</from>
    <departure>3:45am</departure>
    <to>Saidpur</to>
    <arrival>5:45am</arrival>
  </item>
 
  <item>
    <trainno>748</trainno>
    <name>Simanta Express</name>
    <offday>No</offday>
    <from>Joypurhat</from>
    <departure>8:59pm</departure>
    <to>Khulna</to>
    <arrival>4:30am</arrival>
  </item>
 
  <item>
    <trainno>757</trainno>
    <name>Drutajan Express</name>
    <offday>Wednesday</offday>
    <from>Joypurhat</from>
    <departure>2:34am</departure>
    <to>Dinajpur</to>
    <arrival>5:10am</arrival>
  </item>
  
  <item>
    <trainno>758</trainno>
    <name>Drutajan Express</name>
    <offday>Wednesday</offday>
    <from>Joypurhat</from>
    <departure>10:21am</departure>
    <to>Dhaka</to>
    <arrival>5:55pm</arrival>
  </item>
 
 
 
 
  <item>
    <trainno>23</trainno>
    <name>Rocket Exp</name>
    <offday>No</offday>
    <from>Joypurhat</from>
    <departure>8:18pm</departure>
    <to>Parbatipur</to>
    <arrival>10:10pm</arrival>
  </item>
 
  <item>
    <trainno>24</trainno>
    <name>Rocket Exp</name>
    <offday>No</offday>
    <from>Joypurhat</from>
    <departure>11:55am</departure>
    <to>Khulna</to>
    <arrival>12:15am</arrival>
  </item>
  
  <item>
    <trainno>31</trainno>
    <name>Uttara Express</name>
    <offday>No</offday>
    <from>Joypurhat</from>
    <departure>5:43pm</departure>
    <to>Parbatipur</to>
    <arrival>7:15pm</arrival>
  </item>
  
  <item>
    <trainno>32</trainno>
    <name>Uttara Express</name>
    <offday>No</offday>
    <from>Joypurhat</from>
    <departure>5:12am</departure>
    <to>Rajshahi</to>
    <arrival>10:25am</arrival>
  </item>
  
 


</channel>
</rss>