<?xml version="1.0"?>
<rss xmlns:dc="http://purl.org/dc/elements/1.1/" version="2.0">
<channel>

  <item>
    <trainno>763</trainno>
    <name>Chitra Express</name>
    <offday>Monday</offday>
    <from>Ullahpara</from>
    <departure>2:37pm</departure>
    <to>Dhaka</to>
    <arrival>6:30pm</arrival>
  </item>
 
  <item>
    <trainno>725</trainno>
    <name>Sundarban Express</name>
    <offday>Friday</offday>
    <from>Ullahpara</from>
    <departure>1:55am</departure>
    <to>Dhaka</to>
    <arrival>5:35am</arrival>
  </item>
  
  <item>
    <trainno>769</trainno>
    <name>Dhomkato Express</name>
    <offday>Tuesday</offday>
    <from>Ullahpara</from>
    <departure>7:33am</departure>
    <to>Rajshahi</to>
    <arrival>12:05pm</arrival>
  </item>
  
  <item>
    <trainno>726</trainno>
    <name>Sundarban Provati</name>
    <offday>Saturday</offday>
    <from>Ullahpara</from>
    <departure>10:05am</departure>
    <to>Khulna</to>
    <arrival>4:30pm</arrival>
  </item>
 
    <item>
      <tarinno>751</trainno>
      <name>Lalmoni Express</name>
      <offday>Friday</offday>
     <from>Ullahpara</from>
     <departure>1:54am</departure>
     <to>Lalmonirhat</to>
     <arrival>8:20am</arrival>
   </item>
      
  <item>
    <trainno>752</trainno>
    <name>Lalmoni Express</name>
    <offday>Friday</offday>
    <from>Ullahpara</from>
    <departure>5:18pm</departure>
    <to>Dhaka</to>
    <arrival>9:05pm</arrival>
  </item>
  
  <item>
    <trainno>753</trainno>
    <name>SilkCity Express</name>
    <offday>Sunday</offday>
    <from>Ullahpara</from>
    <departure>6:37pm</departure>
    <to>Rajshahi</to>
    <arrival>8:50pm</arrival>
  </item>
  
  <item>
    <trainno>754</trainno>
    <name>SilkCity Express</name>
    <offday>Sunday</offday>
    <from>Ullahpara</from>
    <departure>9:34am</departure>
    <to>Dhaka</to>
    <arrival>1:30pm</arrival>
  </item>
  
  <item>
    <trainno>759</trainno>
    <name>Padma Express</name>
    <offday>Tuesday</offday>
    <from>Ullahpara</from>
    <departure>2:24am</departure>
    <to>Rajshahi</to>
    <arrival>4:45am</arrival>
  </item>
  
  <item>
    <trainno>760</trainno>
    <name>Padma Express</name>
    <offday>Tuesday</offday>
    <from>Ullahpara</from>
    <departure>6:08pm</departure>
    <to>Dhaka Cant.</to>
    <arrival>9:50pm</arrival>
  </item>
 
  <item>
    <trainno>764</trainno>
    <name>Chitra Express</name>
    <offday>Monday</offday>
    <from>Ullahpara</from>
    <departure>10:32pm</departure>
    <to>Khulna</to>
    <arrival>5:10am</arrival>
  </item>
  
  
  <item>
    <trainno>6</trainno>
    <name>Rajshahi Express</name>
    <offday>No</offday>
    <from>Ullahpara</from>
    <departure>4:09pm</departure>
    <to>Sirajganj Bazar</to>
    <arrival>5:30pm</arrival>
  </item>
  
  <item>
    <trainno>5</trainno>
    <name>Rajshahi Express</name>
    <offday>No</offday>
    <from>Ullahpara</from>
    <departure>5:19pm</departure>
    <to>Chapainababganj</to>
    <arrival>1:00am</arrival>
  </item>
 
  


</channel>
</rss>