<?xml version="1.0"?>
<rss xmlns:dc="http://purl.org/dc/elements/1.1/" version="2.0">
<channel>
<item> <trainno>767</trainno>  <name>Dolanchapa Express</name> <offday>No</offday> <from>Parbatipur</from> <departure>7:20pm</departure> <to>Dinajpur</to> <arrival>8:20pm</arrival> </item>

<item> <trainno>768</trainno>  <name>Dolonchapa Express</name> <offday>No</offday> <from>Parbatipur</from> <departure>7:10am</departure> <to>Santahar</to> <arrival>12:30pm</arrival> </item>

<item> <trainno>727</trainno>  <name>Rupsha express</name> <offday>Thursday</offday> <from>Parbatipur</from> <departure>4:50pm</departure> <to>Saidpur</to> <arrival>5:20pm</arrival> </item>

<item> <trainno>728</trainno>  <name>Rupsha express</name> <offday>Thursday</offday> <from>Parbatipur</from> <departure>8:15am</departure> <to>Khulna</to> <arrival>5:15pm</arrival> </item>

<item> <trainno>731</trainno>  <name>Barendra express</name> <offday>Sunday</offday> <from>Parbatipur</from> <departure>7:50pm</departure> <to>Nilphamari</to> <arrival>9:00pm</arrival> </item>

<item> <trainno>732</trainno>  <name>Barendra express</name> <offday>Sanday</offday> <from>Parbatipur</from> <departure>7:05am</departure> <to>Rajshahi</to> <arrival>11:40am</arrival> </item>

<item> <trainno>733</trainno>  <name>Titumir express</name> <offday>Wednesday</offday> <from>Parbatipur</from> <departure>12:00pm</departure> <to>Chilahati</to> <arrival>1:50pm</arrival> </item>

<item> <trainno>734</trainno>  <name>Titumir express</name> <offday>Wednesday</offday> <from>Parbatipur</from> <departure>4:40pm</departure> <to>Rajshahi</to> <arrival>9:50pm</arrival> </item>

<item> <trainno>705</trainno>  <name>Ekota express</name> <offday>Tuesday</offday> <from>Parbatipur</from> <departure>6:25pm</departure> <to>Dinajpur</to> <arrival>7:20pm</arrival> </item>

<item> <trainno>706</trainno>  <name>Ekota express</name> <offday>Monday</offday> <from>Parbatipur</from> <departure>10:40pm</departure> <to>Dhaka</to> <arrival>7:40am</arrival> </item>

<item> <trainno>747</trainno>  <name>Simanta express</name> <offday>No</offday> <from>Parbatipur</from> <departure>5:15am</departure> <to>Saidpur</to> <arrival>5:45am</arrival> </item>

<item> <trainno>748</trainno>  <name>Simanta express</name> <offday>No</offday> <from>Parbatipur</from> <departure>7:45pm</departure> <to>Khulna</to> <arrival>4:30am</arrival> </item>

<item> <trainno>757</trainno>  <name>Drutajan Express</name> <offday>Wednesday</offday> <from>Parbatipur</from> <departure>4:10am</departure> <to>Dinajpur</to> <arrival>5:10am</arrival> </item>

<item> <trainno>758</trainno>  <name>Drutajan Express</name> <offday>Wednesday</offday> <from>Parbatipur</from> <departure>9:00am</departure> <to>Dhaka</to> <arrival>5:55pm</arrival> </item>

<item> <trainno>765</trainno>  <name>Nilsagar Express</name> <offday>Monday</offday> <from>Parbatipur</from> <departure>4:25pm</departure> <to>Nilphamari</to> <arrival>5:30pm</arrival> </item>

<item> <trainno>766</trainno>  <name>Nilsagar Express</name> <offday>Sunday</offday> <from>Parbatipur</from> <departure>11:55pm</departure> <to>Dhaka Cantt</to> <arrival>7:45am</arrival> </item>

<item> <trainno>7</trainno>  <name>UttarBanga Mail</name> <offday>No</offday> <from>Parbatipur</from> <departure>5:20pm</departure> <to>Thakurgone</to> <arrival>8:59pm</arrival> </item>

<item> <trainno>8</trainno>  <name>UttarBanga Mail</name> <offday>No</offday> <from>Parbatipur</from> <departure>8:00am</departure> <to>Santahar</to> <arrival>10:30pm</arrival> </item>

<item> <trainno>24</trainno>  <name>Rocket Express</name> <offday>No</offday> <from>Parbatipur</from> <departure>10:00am</departure> <to>Khulna</to> <arrival>12:15am</arrival> </item>

<item> <trainno>32</trainno>  <name>Uttara express</name> <offday>No</offday> <from>Parbatipur</from> <departure>3:25am</departure> <to>Rajshahi</to> <arrival>10:25am</arrival> </item>

<item> <trainno>27</trainno>  <name>Chilahati Express</name> <offday>No</offday> <from>Parbatipur</from> <departure>4:30am</departure> <to>Chilahati</to> <arrival>6:30am</arrival> </item>

<item> <trainno>41</trainno>  <name>Kanchan Express</name> <offday>No</offday> <from>Parbatipur</from> <departure>7:00am</departure> <to>Thakurgaon Road</to> <arrival>10:30am</arrival> </item>

<item> <trainno>73</trainno>  <name>Thakurgone Commuter</name> <offday>no</offday> <from>Parbatipur</from> <departure>3:10pm</departure> <to>Dinajpur</to> <arrival>4:00pm</arrival> </item>




</channel>
</rss>