<?xml version="1.0"?>
<rss xmlns:dc="http://purl.org/dc/elements/1.1/" version="2.0">
<channel>

  <item>
    <trainno>761</trainno>
    <name>Sagordari Express</name>
    <offday>Monday</offday>
    <from>Poradha</from>
    <departure>7:04pm</departure>
    <to>Rajshahi</to>
    <arrival>9:30pm</arrival>
  </item>
 
  <item>
    <trainno>763</trainno>
    <name>Chitra Express</name>
    <offday>Monday</offday>
    <from>Poradha</from>
    <departure>12:16pm</departure>
    <to>Dhaka</to>
    <arrival>6:30pm</arrival>
  </item>
 
  <item>
    <trainno>764</trainno>
    <name>Chitra Express</name>
    <offday>Monday</offday>
    <from>Poradha</from>
    <departure>12:57am</departure>
    <to>Khulna</to>
    <arrival>5:10am</arrival>
  </item>
 
  <item>
    <trainno>715</trainno>
    <name>Kapotaksha Exp</name>
    <offday>Wednesday</offday>
    <from>Poradha</from>
    <departure>10:24am</departure>
    <to>Rajshahi</to>
    <arrival>1:10pm</arrival>
  </item>
 
  <item>
    <trainno>716</trainno>
    <name>Kapotaksha Exp</name>
    <offday>Wednesday</offday>
    <from>Poradha</from>
    <departure>4:23pm</departure>
    <to>Khulna</to>
    <arrival>8:35pm</arrival>
  </item>
  
  <item>
    <trainno>726</trainno>
    <name>Sundarban Exp</name>
    <offday>Saturday</offday>
    <from>Poradha</from>
    <departure>12:21pm</departure>
    <to>Khulna</to>
    <arrival>4:30pm</arrival>
  </item>
 
  <item>
    <trainno>727</trainno>
    <name>Rupsha Express</name>
    <offday>Thursday</offday>
    <from>Poradha</from>
    <departure>11:51am</departure>
    <to>Saidpur</to>
    <arrival>5:20pm</arrival>
  </item>
 
  <item>
    <trainno>728</trainno>
    <name>Rupsha Express</name>
    <offday>Thursday</offday>
    <from>Poradha</from>
    <departure>1:24pm</departure>
    <to>Khulna</to>
    <arrival>5:15pm</arrival>
  </item>
 
  <item>
    <trainno>747</trainno>
    <name>Simanta Express</name>
    <offday>No</offday>
    <from>Poradha</from>
    <departure>12:18am</departure>
    <to>Saidpur</to>
    <arrival>5:45am</arrival>
  </item>
 
  <item>
    <trainno>748</trainno>
    <name>Simanta Express</name>
    <offday>No</offday>
    <from>Poradha</from>
    <departure>12:27am</departure>
    <to>Khulna</to>
    <arrival>4:30am</arrival>
  </item>

  <item>
    <trainno>755</trainno>
    <name>Madhumati Exp</name>
    <offday>Thursday</offday>
    <from>Poradha</from>
    <departure>5:55pm</departure>
    <to>Rajshahi</to>
    <arrival>8:25pm</arrival>
  </item>
 
  <item>
    <trainno>756</trainno>
    <name>Madhumati Exp</name>
    <offday>Thursday</offday>
    <from>Poradha</from>
    <departure>10:05am</departure>
    <to>Goaland ghat</to>
    <arrival>12:45pm</arrival>
  </item>
 
  <item>
    <trainno>762</trainno>
    <name>Sagordari Express</name>
    <offday>Monday</offday>
    <from>Poradha</from>
    <departure>9:08am</departure>
    <to>Khulna</to>
    <arrival>1:30pm</arrival>
  </item>
 
  <item>
    <trainno>725</trainno>
    <name>Sundarban Express</name>
    <offday>Friday</offday>
    <from>Poradha</from>
    <departure>11:45pm</departure>
    <to>Dhaka</to>
    <arrival>5:35am</arrival>
  </item>
 
  <item>
    <trainno>15</trainno>
    <name>Mohananda Exp</name>
    <offday>No</offday>
    <from>Poradha</from>
    <departure>4:55pm</departure>
    <to>ChapaiNawabgonj</to>
    <arrival>10:30pm</arrival>
  </item>
  
  <item>
    <trainno>16</trainno>
    <name>Mohananda Exp</name>
    <offday>No</offday>
    <from>Poradha</from>
    <departure>11:35am</departure>
    <to>Khulna</to>
    <arrival>6:30pm</arrival>
  </item>
  
  <item>
    <trainno>23</trainno>
    <name>Rocket Express</name>
    <offday>No</offday>
    <from>Poradha</from>
    <departure>3:05pm</departure>
    <to>Parbatipur</to>
    <arrival>10:10pm</arrival>
  </item>
  
  <item>
    <trainno>24</trainno>
    <name>Rocket Express</name>
    <offday>No</offday>
    <from>Poradha</from>
    <departure>7:02pm</departure>
    <to>Khulna</to>
    <arrival>12:15am</arrival>
  </item>
 
  <item>
    <trainno>25</trainno>
    <name>Nakshikantha Exp</name>
    <offday>No</offday>
    <from>Poradha</from>
    <departure>7:10am</departure>
    <to>Goalanda Ghat</to>
    <arrival>11:00am</arrival>
  </item>
 
  <item>
    <trainno>26</trainno>
    <name>Nakshikantha Exp</name>
    <offday>No</offday>
    <from>Poradha</from>
    <departure>4:45pm</departure>
    <to>Khulna </to>
    <arrival>10:15pm</arrival>
  </item>
 
  

</channel>
</rss>