<?xml version="1.0"?>
<rss xmlns:dc="http://purl.org/dc/elements/1.1/" version="2.0">
<channel>
  <item>
    <trainno>772</trainno>
    <name>Rangpur Express</name>
    <offday>Sunday</offday>
    <from>Ghaibandha</from>
    <departure>9:55pm</departure>
    <to>Dhaka</to>
    <arrival>06.35 AM</arrival>
  </item>
 
  <item>
    <trainno>751</trainno>
    <name>Lalmoni Express</name>
    <offday>Friday</offday>
    <from>Ghaibandha</from>
    <departure>6:28am</departure>
    <to>Lalmanirhat</to>
    <arrival>8:20am</arrival>
  </item>
 
  <item>
    <trainno>752</trainno>
    <name>Lalmoni Express</name>
    <offday>Friday</offday>
    <from>Ghaibandha</from>
    <departure>12:25pm</departure>
    <to>Dhaka</to>
    <arrival>9:05pm</arrival>
  </item>
 
  <item>
    <trainno>713</trainno>
    <name>Karotoa Express</name>
    <offday>No</offday>
    <from>Ghaibandha</from>
    <departure>6:15pm</departure>
    <to>Lalmonirhat</to>
    <arrival>8:10pm</arrival>
  </item>
 
  <item>
    <trainno>714</trainno>
    <name>Karotoa Express</name>
    <offday>No</offday>
    <from>Ghaibandha</from>
    <departure>8:59pm</departure>
    <to>Shantahar</to>
    <arrival>11:00pm</arrival>
  </item>
  
  <item>
    <trainno>767</trainno>
    <name>Dolanchapa Express</name>
    <offday>No</offday>
    <from>Ghaibandha</from>
    <departure>3:50pm</departure>
    <to>Dinajpur</to>
    <arrival>8:20pm</arrival>
  </item>
  
  <item>
    <trainno>768</trainno>
    <name>Dolanchapa Express</name>
    <offday>No</offday>
    <from>Ghaibandha</from>
    <departure>10:24am</departure>
    <to>Santahar</to>
    <arrival>12:30pm</arrival>
  </item>
  
  <item>
    <trainno>7</trainno>
    <name>Uttarbango Mail</name>
    <offday>No</offday>
    <from>Ghaibandha</from>
    <departure>1:05pm</departure>
    <to>Thakurgone</to>
    <arrival>8:59pm</arrival>
  </item>
 
  <item>
    <trainno>8</trainno>
    <name>Uttarbango Mail</name>
    <offday>No</offday>
    <from>Ghaibandha</from>
    <departure>7:25pm</departure>
    <to>Shantahar</to>
    <arrival>10:30pm</arrival>
  </item>
 
  <item>
    <trainno>19</trainno>
    <name>Bogra Express</name>
    <offday>No</offday>
    <from>Ghaibandha</from>
    <departure>7:55pm</departure>
    <to>Lalmonirhat</to>
    <arrival>10:50pm</arrival>
  </item>
 
  <item>
    <trainno>20</trainno>
    <name>Bogra Express</name>
    <offday>No</offday>
    <from>Ghaibandha</from>
    <departure>11:12am</departure>
    <to>Santahar</to>
    <arrival>3:30pm</arrival>
  </item>
 
  <item>
    <trainno>21</trainno>
    <name>Padmaragh Express</name>
    <offday>No</offday>
    <from>Ghaibandha</from>
    <departure>9:28am</departure>
    <to>Lalmonirhat</to>
    <arrival>12:30pm</arrival>
  </item>
 
  <item>
    <trainno>22</trainno>
    <name>Padmaragh Express</name>
    <offday>No</offday>
    <from>Ghaibandha</from>
    <departure>5:01pm</departure>
    <to>Santahar</to>
    <arrival>8:20pm</arrival>
  </item>
 

</channel>
</rss>