<?xml version="1.0"?>
<rss xmlns:dc="http://purl.org/dc/elements/1.1/" version="2.0">
<channel>

  <item>
    <trainno>772</trainno>
    <name>Rangpur Express</name>
    <offday>Sunday</offday>
    <from>Bogra</from>
    <departure>11:08pm</departure>
    <to>Dhaka</to>
    <arrival>06.35am</arrival>
  </item>
 
  <item>
    <trainno>713</trainno>
    <name>Karotoa Express</name>
    <offday>No</offday>
    <from>Bogra</from>
    <departure>4:59pm</departure>
    <to>Lalmonirhat</to>
    <arrival>8:10pm</arrival>
  </item>
 
  <item>
    <trainno>714</trainno>
    <name>Karotoa Express</name>
    <offday>No</offday>
    <from>Bogra</from>
    <departure>10:15pm</departure>
    <to>Santahar</to>
    <arrival>11:00pm</arrival>
  </item>
  
  <item>
    <trainno>751</trainno>
    <name>Lalmoni Express</name>
    <offday>Friday</offday>
    <from>Bogra</from>
    <departure>5:18am</departure>
    <to>Lalmanirhat</to>
    <arrival>8:20am</arrival>
  </item>
 
  <item>
    <trainno>752</trainno>
    <name>Lalmoni Express</name>
    <offday>Friday</offday>
    <from>Bogra</from>
    <departure>1:38pm</departure>
    <to>Dhaka</to>
    <arrival>9:05pm</arrival>
  </item>
  
  <item>
    <trainno>767</trainno>
    <name>Dolanchapa express</name>
    <offday>NO</offday>
    <from>Bogra</from>
    <departure>2:25pm</departure>
    <to>Dinajpur</to>
    <arrival>8:20pm</arrival>
  </item>
  
  <item>
    <trainno>768</trainno>
    <name>Dolanchapa express</name>
    <offday>NO</offday>
    <from>Bogra</from>
    <departure>11:40am</departure>
    <to>santahar</to>
    <arrival>12:30pm</arrival>
  </item>
 
  <item>
    <trainno>19</trainno>
    <name>Bogra Express</name>
    <offday>No</offday>
    <from>Bogra</from>
    <departure>5:40pm</departure>
    <to>Lalmonirhat</to>
    <arrival>10:50pm</arrival>
  </item>
 
  <item>
    <trainno>20</trainno>
    <name>Bogra Express</name>
    <offday>No</offday>
    <from>Bogra</from>
    <departure>1:54pm</departure>
    <to>Santahar</to>
    <arrival>3:30pm</arrival>
  </item>
  
  <item>
    <trainno>21</trainno>
    <name>Padmaragh Express</name>
    <offday>No</offday>
    <from>Bogra</from>
    <departure>7:38am</departure>
    <to>Lalmonirhat</to>
    <arrival>12:30pm</arrival>
  </item>
 
  <item>
    <trainno>22</trainno>
    <name>Padmaragh Express</name>
    <offday>No</offday>
    <from>Bogra</from>
    <departure>7:08pm</departure>
    <to>Santahar</to>
    <arrival>8:20pm</arrival>
  </item>
  
  <item>
    <trainno>7</trainno>
    <name>UttarBanga Mail</name>
    <offday>no</offday>
    <from>Bogra</from>
    <departure>10:45am</departure>
    <to>Dinajpur</to>
    <arrival>6:20pm</arrival>
  </item>
  
  <item>
    <trainno>9</trainno>
    <name>UttarBanga Mail</name>
    <offday>no</offday>
    <from>Bogra</from>
    <departure>9:20pm</departure>
    <to>Santahar</to>
    <arrival>10:30pm</arrival>
  </item>

</channel>
</rss>